UserName,Handle,Timestamp,Text,Comments,Likes,Retweets
Twinskillers T,@37baulking,2024-07-27T11:25:06.000Z,Lgbt? ,0,0,0
jaaaaalyn,@_samaaara,2024-07-27T11:24:14.000Z,Nggak kayak pembukaan olimpiade malah kayak freak show  dimana ada lgbt disitu selalu rusak,0,0,0
hermawan AH,@mamassbest77,2024-07-27T11:22:29.000Z,"Wkwkwk blok! Makanya LGBT itu bikin susah , asu!",0,0,0
mevia,@Jaskascha,2024-07-27T11:21:44.000Z,"Ini kan yang mereka pengenin, kampanye lgbt, ham. Taunya kelakuan menjijikkan menghina agama berbalut sensualitas. Kalo olimpiade paling ga semangatnya, vibesnya olah raga, budaya &ciri khas dari negara tuan rumahnya.",0,0,0
rznjG,@rznj_g,2024-07-27T11:21:08.000Z,Lgbt,0,0,0
jaeyun,@jaeyunn02,2024-07-27T11:20:20.000Z,Malah pameran lgbt,0,0,0
IMAM AL HUDA,@imamalhuda37,2024-07-27T11:18:56.000Z,Opening ceremony OG malah kayak parade lgbt,0,0,0
MANCHESTER IS RED,@RubbishManUtd,2024-07-27T11:17:28.000Z,Lama2 jijik juga ini agenda LGBT dibawa2 terus ke semua event Olahraga. Bikin rusak Mata dan eventnya sendiri,0,0,0
galani,@nadiagalanie,2024-07-27T11:17:19.000Z,Kek pesta LGBT ,0,0,0
Kevinâ„¢music,@MilesDavis_King,2024-07-27T11:17:12.000Z,ï¼¬ï¼§ï¼¢ï¼´ï¼Ÿ,0,0,0
icha,@icxha9_x,2024-07-27T11:16:11.000Z,Dh kenapa mcm geng lgbt je smua. Apa theme dorang? ,0,0,0
ta,@prince8taa,2024-07-27T11:07:28.000Z,udah jelas bgt kaaan kalo gerakan LGBT dari Barat sana udah gak percaya bahkan melecehkan ajaran Agama!!,0,0,0
w,@spitfireastx,2024-07-27T11:07:07.000Z,"Gue yg bukan org kristen aja kesel bgt liatnya, ajang olimpiade yg kesanya manly dan sporty jadi rusak gara gara diadain di Paris pake ada unsur2 lgbt.",0,0,0
OÄŸuz Han,@OZASUICIDE,2024-07-27T11:06:26.000Z,"Lgbt propagandasi yok 2 dakka gorunduler, olan sizin lgbt dusmanliginiz, konformistliginiz.",0,0,0
ErdoÄŸan,@gunterberlin73,2024-07-27T11:05:08.000Z,LGBT,0,0,0
Ã–mer,@omerbass61,2024-07-27T11:04:19.000Z,LGBT,0,0,0
MnizarAl,@ghifa121610,2024-07-27T11:03:50.000Z,pawai LGBT itu mah hahah,0,0,0
Danny Phantom,@danny_fauzan,2024-07-27T11:02:13.000Z,"Ini bukan opening ceremony olimpiade, tapi parade LGBT dibungkus ke opening ceremony ",0,0,0
Unwanted_503,@Unwanted_503,2024-07-27T11:01:29.000Z,"Kebabian apakah yg 
@france
 nak tonjolkan di 
@Olympics
 ? Nak promosikan LGBT?

Boikot Olylimpc",0,0,0
Ardan,@teko_ajaiib,2024-07-27T11:00:42.000Z,Kok kesannya jadi kayak Festival LGBT Pride ya kang,0,0,0
Coco Ichibanya Enthusiast,@yuusha01_a,2024-07-27T10:59:40.000Z,"Noo, it is more like di olimpiade-olimpiade sebelumnya ada jurnalis atau akun yg sengaja nge-outing para atlet yg akun grindr-nya masih aktif. 

Kan jadi bahaya kalo mereka berasal dr negara yg anti-LGBT :((",0,0,0
Ahmetfarukornak,@Ahmetfarukorna1,2024-07-27T10:59:32.000Z,Taki lgbt li oluncaya kadar,0,0,0
Majimachafu,@majimachafu,2024-07-27T10:59:23.000Z,"We jamaa ndio maana wanakuhisi we Ni LGBT, sometimes hunaga point kabisa",0,0,0
hoho,@Hoho1990820611,2024-07-27T10:57:48.000Z,Ideologi LGBT terlebih trans movement di barat itu lagi kenceng2nya disuarakan. Dan dibantu sama pemerintah sana. Makanya gak heran yang kayak gini sampe dipromosikan di event sekelas Olympic. Hati2 aja soalnya itu jadi cerminan buat kita juga.,0,0,0
Virgi,@VirgiawanWidy,2024-07-27T10:51:24.000Z,"Propaganda udah tersebar dimana2 dan terang2an ditayangkan diacara besar dengan jangkauan seluruh dunia. Tetap waspada dalam memilah milih tontonan dan jauhi propaganda yang melenceng. Tujuan mereka ingin membuat LGBT, satanik, feminisme, obesitas, jadi hal yang lumrah.",0,0,0
Lae,@heysalamkenal,2024-07-27T10:50:13.000Z,"Walau LGBT kalau haknya dia sebagai manusia gue fine aja, tapi kalo si LGBT di kasih panggung buat nyerang Kristus dengan parodi kalian sampah.",0,0,0
riel - cluster 48,@takenpotatoo,2024-07-27T10:49:42.000Z,"No hate for lgbt, poinnya lebih ke panitia bsa milih banyak referensi tp knp hrus itu.",0,0,0
sooyimyim,@sooyimyim,2024-07-27T10:48:57.000Z,"Udah makin gila nih orang2. Dulu kan cm LGBT ya, trus jd LGBTQ, aku br tau ternyata skrg tuh LGBTQIA+ (Lesbian, Gay, Biseksual, Transgender, Questioning, Intersex, Asexual, and others). Kayaknya bentar lg pedo termasuk nih",0,0,0
edward malborski,@EMalborski45,2024-07-27T10:45:42.000Z,LGBT + Islam !,0,0,0
Cik Kas,@KSuwardy,2024-07-27T10:45:28.000Z,France nie xde budaya sdiri ke sampai budaya lgbt yg di angkat.,0,0,0
ë‚˜ì´,@Jnjmyay,2024-07-27T10:44:54.000Z,Oalahh aku yg kudet ternyata emng udah dari lama duolingo dukung LGBT,0,0,0
hmmmm,@saranghaetnx,2024-07-27T10:44:10.000Z,"Berhijab tak boleh, tapi jadi lgbt boleh lak",0,0,0
Aisya,@Aisyana_dia,2024-07-27T10:42:58.000Z,Konyol bgt Prancis bikin opening ceremony yg menjijikan begini dan aneh org2 kristiani PD diem aja  thdp pelecehan agama mereka. Lama2 Jd di normalisasi kebebasan dimana2 termasuk penistaan agama apapun dan LGBT,0,0,0
nanda1448,@m_wirananda,2024-07-27T10:38:34.000Z,"Agenda LGBT satanic ni ngeri ,menjadi jadi 
Tunggu nanti kalian imam mahdi kami datang habis kalian",0,0,0
ğ™°ğ™µğ™¸ğ™µ,@apeep__,2024-07-27T10:38:15.000Z,"Prancis emang paling gencar menyuarakan dan promosi LGBT, kayak semua hal diselipkan kampanye LGBT. Bahkan di sepakbola, yg menolak kampanye LGBT akan kena hukuman, terlalu memaksa. Dalih menyuarakan ""kebebasan"" tapi merenggut kebebasan org lain untuk beropini, kan aneh.",0,0,0
perseph,@morphwy,2024-07-27T10:37:41.000Z,Degisim ve gelisim = lgbt ,0,0,0
kana,@babychan_34,2024-07-27T10:33:41.000Z,Kamu dukung lgbt ya?,0,0,0
yigi,@yogiaadhata,2024-07-27T10:32:22.000Z,lgbt antemi wae bang,0,0,0
en sevdiÄŸim ÅŸubat,@leydimsibisey,2024-07-27T10:31:33.000Z, Lgbt,0,0,0
Szen,@Sriyiyi1,2024-07-27T10:31:27.000Z,Budaya LGBT  peserta dari seluruh dunia banyak negara muslim nonton ginian piuhhh jelek amat paling jelek  pembukaannya,0,0,0
matchacih,@hyliaaaa,2024-07-27T10:29:32.000Z,"ekspetasi gua soal paris ktinggian 

sia2 bergadang cuma buat nontonin LGBT, Parodi perjamuan trakhir yesus dan itu ngejijiin bgt yg parodiin, ada gnian, 3som, liat kali keruh, kostum kontigen ga kliatan karna pake jas ujan. 

pdahal kata nya kota mode dan seni, tp mana seninya",0,0,0
FUCK YOU LGBT,@alfian_warsito,2024-07-27T10:29:12.000Z,Jijikkk,0,0,0
naresh agit,@steroxoo,2024-07-27T10:28:30.000Z,"Najis, jijik bgt sama kaum lgbt",0,0,0
Ranqueenie,@ranqueenie04,2024-07-27T10:27:19.000Z,"Kagak punya budaya bagus yg ditampilkan mereka tuh. Isinya kalo gak rasis, ham, lgbt dan sejenisnyaah.",0,0,0
a little dreamer,@andikoe,2024-07-27T10:26:47.000Z,"Pelecehan tapi smua abai ..... pemuja setan, pedophile Sama LGBT smua tu",0,0,0
en sevdiÄŸim ÅŸubat,@leydimsibisey,2024-07-27T10:25:19.000Z, Lgbt,0,0,0
Grandy A.,@neugrand,2024-07-27T10:24:23.000Z,Kaum lgbt ini memang menjijikan sekali.. sampah masyarakat,0,0,0
isa,@isaalkhatib01,2024-07-27T10:22:56.000Z,"Wkwk Kristen di koyak koyak lgbt, tunggu agama kita sebentar lagi ",0,0,0
The.real.pride (no lgbt shit),@thee_real_pride,2024-07-27T10:22:48.000Z,Hua kya bc?,0,0,0
Jauhari,@jawharie__,2024-07-27T10:18:43.000Z,Budaya mereka lgbt itu,0,0,0
zulfÃ¦z,@zeafluz,2024-07-27T10:17:44.000Z,Sumpah jijik siaa lgbt ni semak kat olympic,0,0,0
Ot Co,@jerzy2pokAK,2024-07-27T10:17:21.000Z,LGBT,0,0,0
MarcoJj,@MarcoR170,2024-07-27T10:16:50.000Z,Lgbt merda,0,0,0
Bang GIN,@asepginanjars07,2024-07-27T10:16:02.000Z,1000%LGBT tai,0,0,0
#KitaBisa,@r3call_me,2024-07-27T10:15:49.000Z,LGBT boleh dan sah. Jilbab jg jangan dilarang. Sbg perwakilan MUI saya setuju2 aja,0,0,0
YaÅŸar KAYA,@yasarkaya2020,2024-07-27T10:15:28.000Z,Emperyalizmin dinini belirledi LGBT,0,0,0
Mr Lewis,@luwais,2024-07-27T10:14:31.000Z,Depa xdak budaya nk showoff. Kene hijack dek lgbt. Dh jadi mcm pride parade.,0,0,0
mhmd nabil,@nabil22,2024-07-27T10:14:11.000Z,"Geli mat semua news keluar pasal LGBT , tak boleh jadi normal ke ?",0,0,0
Pykys ( mode Ã©tÃ©),@Pykys_10,2024-07-27T10:13:56.000Z,*lgbt,0,0,0
Ye~Yen,@Yens0906,2024-07-27T10:13:51.000Z,"Klo lihat ini koq mirip ritual satanisme alias gereja setan. Kristen mmg menentang LGBT Krn melawan kodrat dan pemberontakan pada kedaulatan Allah sebagai Mahapencipta yg hny menciptakan dua gender yakni laki2 dan perempuan. Perancis, negara paling sekuler di Eropa. Gk anehlah.",0,0,0
Imroisan,@imroisan,2024-07-27T10:13:32.000Z,"Budaya lgbt dan wokeness, seriusan kayak nonton topeng monyet pas ada ""mbak2"" berjenggot nyanyi ",0,0,0
duta ludah,@tanmago243,2024-07-27T10:11:57.000Z,Lgbt -,0,0,0
Wahyu Nugraha,@nugrahaWHY,2024-07-27T10:08:28.000Z,Francis sudah menjadi negara pro iblis dengan LGBT nya.. menakutkan.. pertanyaannya apakah ada orang kristen yg tersinggung?? Kalau di islam habis mereka..,0,0,0
Maxie,@maxzchua,2024-07-27T10:08:06.000Z,Mmg btul... Grindr mmg ade kuar statement pasal ni...menda ni dh buat since few years back punya sport events. I think menda ni berlaku sbb ade orang out gay kan atlit... especially some from countries yg lgbt adalah heavy punish.,0,0,0
OposisiCerdas.com,@OposisiCerdas,2024-07-27T09:52:26.000Z,Seremoni Pembukaan Olimpiade Paris 2024 Jadi Panggung LGBT dan 'Simbol Setan' Tuai Kecaman,0,0,0
lulaby,@luby_ungu,2024-07-27T09:49:59.000Z,"Klo nonton film barat kyknya gk heran deh
Free sex, lgbt gt
Klo mw nonton yg bebas dr itu coba nonton flm2 islami deh ",0,0,0
Salo65,@saloberlin65,2024-07-27T09:49:17.000Z,LGBT ve pedofili kokuyor Paris..,0,0,0
nana âœ©â‚ŠËš.â‹†â˜¾â‹†â‚ŠËšâŠ¹â™¡ (*Â´ê’³`*),@udonberdansa,2024-07-27T09:48:57.000Z,"yang pakcik biru tu representative dorang mocking jesus christ
yang second tu dorang nak mengangkat lgbt
yang ketiga tu aku tak kisah sangat tapi disebalik lagu tu kisah pasal tokoh france(?) kena potong kepala 

ntah aku tak faham apa dorang nak represent france kat dunia ni",0,0,0
å­Ÿç»´åŸº,@captainuky,2024-07-27T09:48:33.000Z,"Yaa gimana, sebagai negara pertama yang melegalkan LGBT ",0,0,0
ØµØ§Ù„Ø­Ù‡ Ù†ÙˆØ±,@SholehaNur1,2024-07-27T09:47:15.000Z,"Di salah satu negri Afrika hukuman LGBT itu dikurung berdua dn diharuskan punya keturunan ,diRusia hukuman sangat berat bagi LGBT.
ketika kita denger kbr beginian kita harus selalu berpegangan pada doa kembali kepada ALLOH kita mohon perlindunganNYA dn keselamatan ",0,0,0
Juan Chaniago,@2dibukaB,2024-07-27T09:45:19.000Z,"bukannya Emanuel palkon itu bisexual??
kalau pimpinannya begitu ya lumrah aja setiap acara di sisipkan identitas kelompok LGBT mereka!
palkon...
palkon...",0,0,0
BAKUL UMPLUK,@ChoyruImam,2024-07-27T09:44:15.000Z,"LGBT emang problematik, minta dinormalisasi padahal merekanya aja gak normal",0,0,0
WhiteCloud,@whitecloud1212,2024-07-27T09:41:15.000Z,Lgbt skm,0,0,0
Harry SOFIAN,@harrysofian,2024-07-27T09:40:23.000Z,"kalau itu yg diargumenkan, Prancis gak berhak melarang LGBT dan Scene Yesus karena disini bebas ekspresi . Sekian",0,0,0
Mr I,@f4tl0l,2024-07-27T09:40:14.000Z,"I agree. Globally topic lgbtq+ sering dibicarain jadi at least itu kemajuan dari topik lgbt dibuat taboo so no one talks about it. But if no one talks about it, nothing change. Tapi ya hatespeech juga makin2. But itu cuma cishetero ngerespon soalnya kebiasaan jadi suara majority",0,0,0
El-farook,@FarookEl75533,2024-07-27T09:38:34.000Z,LGBT,0,0,0
C_Ekaputraâ„¢,@_SCEK_,2024-07-27T09:37:53.000Z,Yang jadi directornya juga dari kaum lgbt,0,0,0
Syska febriani,@syskateddy,2024-07-27T09:36:24.000Z,"Party LGBT ini, bukan opening Olimpiade â€",0,0,0
Day,@dewanyap,2024-07-27T09:36:00.000Z,"Jeleekkkk bgt
Kyk rambut veranda

Cakepan
China opening Olimpiade

Fuck Israel
Fuck LGBT",0,0,0
ğ“‰ğ’¶ğ‘’ğ“‡ swc pls,@PowerTaem0718,2024-07-27T09:32:31.000Z,"Lgbt, Lelaki Ganteng Ber Tanktop",0,0,0
jihatw,@jihatw_,2024-07-27T09:32:04.000Z,LGBT,0,0,0
AÍdÍaÍmÍ,@Admbaha,2024-07-27T09:31:22.000Z,"Tolong bawa balik kontijen Malaysia. Boycott Olyimpic 2024. No brain.Tak main pun takpe la dari join event penganjur LGBT bodoh ni + Israel pun ada. 
@hannahyeoh
  @AdamAdli",0,0,0
& i saja,@romelolukanya,2024-07-27T09:30:34.000Z,"Jawa Barat menurut data kemenkes jumlah LGBT sdh 32,000 org itu yg resmi terdata, belum lagi yg sembunyi-sembunyi bayangkan kalau mereka menularkan ke masyarakat yg lain",0,0,0
NEVO,@Kiral95147803,2024-07-27T09:30:25.000Z,LGBT,0,0,0
An- Janee,@Anjanifaa,2024-07-27T09:29:45.000Z,"Budayanya mereka LGBT Satanic
Artinya itu negara di dalam cengkraman iblis",0,0,0
KINGSMAN |,@kingsman022,2024-07-27T09:28:50.000Z,"Itu mereka terang"" an mengkampanyekan transgender dan lgbt 
Udh bejat ini negara"" Barat, ga ngerti agenda apa yang mau mereka buat tapi yg jelas mereka udh gila-gilaan buat mengkampanyekan lgbt dan transgender",0,0,0
Nicole Lowstep,@NicoleLowstep,2024-07-27T09:26:33.000Z,PAPA LGBT,0,0,0
wongndeso,@moecst,2024-07-27T09:25:57.000Z,LGBT,0,0,0
A H | Always Happy,@anthwf77,2024-07-27T09:25:56.000Z,"Ini upaya globalist utk menormalisasi perilaku LGBT dan pedofil, dipertontonkan dlm skala global.",0,0,0
Papa Yeux Rouges,@Zuper_Lemon_Dad,2024-07-27T09:25:19.000Z,Lgbt,0,0,0
0xit'sallrisky,@0xitsallrisky,2024-07-27T09:17:59.000Z,Ajang lgbt trans-propaganda ,0,0,0
Lomax,@Lomax5555,2024-07-27T09:17:13.000Z,LGBT = satanic.,0,0,0
Vjsky,@alfayeddesky09,2024-07-27T09:12:21.000Z,"Gila sakit jiwa, kontroversi bgt opening olimpiade kali ini, mulai dr kepala kerbau, ibu""buntung anti monarcy, perjamuan lgbt, jauh dari olimpiade, bangke emg elite"" setan wkwk, gw yg demen blackmetal kek burzum aja kek ga sudi dunia gituan masuk ke olympic #Paris2024",0,0,0
William Dessaix,@buruhbayaran,2024-07-27T09:09:22.000Z,Pembukaan Olympic Games paling cringe and disgusting yg pernah ada fucK LGBT,0,0,0
Syed Moxley,@SyedCapiq,2024-07-27T09:08:20.000Z,Ape yg suka sgt tgok ceremony full of satanic and lgbt content ni???,0,0,0
Yanti,@Yanti63533529,2024-07-27T09:08:02.000Z,"Begitulah lgbt, ingin selalu di akui eksistensinya ",0,0,0
Francisco Gois (Mexica Alfa),@fgisla10,2024-07-27T09:06:44.000Z,"Ya demasiada propaganda LGBT, innecesario.",0,0,0
The South,@TheSouthers,2024-07-27T09:06:40.000Z,LGBT ITU PRILAKU IBLIS. UNTUNG BGT DI INDONESIA MASIH FAHAM AGAMA,0,0,0
Ê• êˆá´¥êˆÊ”,@mesindistress,2024-07-27T09:06:16.000Z,Dikit dikit lgbt melulu njir apa ga ada hal lain yg menarik di prancis,0,0,0
tidakadasaljoe,@tidakadasaljoe_,2024-07-27T09:03:40.000Z,"taik anjing prancis,udh hina perjamuan kudus,nyembah iblis,kasih lgbt panggung tolol",0,0,0
ISRAEL IS A TERRORIST STATE,@SerencengKopi,2024-07-27T09:03:18.000Z,"Olimpiade paling tersampah, paling rasis. Russia di banned tapi israel engga. Hijab dilarang tapi satanis, lgbt ditonjolkan. Belum lagi banyaknya maling",0,0,0
C_Ekaputraâ„¢,@_SCEK_,2024-07-27T09:01:28.000Z,"Jelek-jelekin agama dianggap kebebasan berpendapat tapi kalau gak support lgbt malah dianggap kebencian, emang munafik mereka",0,0,0
MSNIndonesia,@MSNindonesia,2024-07-27T09:00:48.000Z,"Seremoni Pembukaan Olimpiade Paris yang Jadi Panggung LGBT dan 'Simbol Setan' Tuai Kecaman
https://msft.it/6015lZbPf",0,0,0
Beban Negara Kirigakure,@sofyanyus94,2024-07-27T08:58:39.000Z,Udah LGBT zionis pula,0,0,0
Namatidakbolehkosong,@ZFrosty84007,2024-07-27T08:57:42.000Z,sangat nampak lgbt nya,0,0,0
AshtraySnootBoop,@CumwadS9615,2024-07-27T08:57:35.000Z,LGBT BADBOYHALO,0,0,0
MBI,@mahdziribrahim,2024-07-27T08:53:03.000Z,"Dah jd mcm pesta LGBT
Memang orang Perancis ni suka telanjang. Mesra alam la kot

Penganjur mmg edar kondom secara percuma sepanjang Olimpik",0,0,0
Mas Aspin,@aspiiin,2024-07-27T08:52:33.000Z,LGBT musuh semua agama..,0,0,0
alfatih@,alfatih@,2024-07-27T08:50:40.000Z,"Jangan du bolak balik dik , Allah ciptakan Adam dan hawa, ciptakan mahluk berpasangan , mana ada dalil Allah ciptakan AHA .. kalau ajaran sebelah LGBT itu hak azasi ya dik ? Kalau kaum munafikun ngaku Islam sekaum cebong .",0,0,0
Pengemas Hijau,@PengemasHijau,2024-07-27T08:43:56.000Z,"Saya punya beberapa temen LGBT, bahkan ada yg temen deket juga.

Still, the french olympic is horrific. What is your point? ",0,0,0
Mehmet Akmurad,@MehmetAkmurad35,2024-07-27T08:43:55.000Z,LGBT ci seni,0,0,0
czxtrem,@czxtrem,2024-07-27T08:41:54.000Z,"Lha kok nyerang? Lu gk terima gw bilang gk bisa baca? Harus nya lu baca lagi baik2,gini aja dah,biar jelas,to the point aja,di komen gw,bagian yang mana nya gw bilang kalau coki pendukung LGBT,kan lu bilang ""sejak kapan coki dukung LGBT"" sampai disini paham? Kalau lu gk bisa baca",0,0,0
Dea ğ“†¤,@haetsu_kim,2024-07-27T08:41:40.000Z,"Indah G ini goblok dalam mengartikan maksud dari orang, org LGBT dilarang tayang di tv di samain dgn org LGBT dilarang ke gym dll. Trus orang yg HIV disamain dgn org diabetes. Gitu amat ngerendahin opini orang...",0,0,0
Child-Of-Besiktas,@Mustafa48515258,2024-07-27T08:40:57.000Z,Lgbt estetigi sanirim begendigin,0,0,0
TV Pertiwi,@TVPertiwi_MY,2024-07-27T08:40:03.000Z,"Di sebalik kemeriahan Pembukaan Temasya Olimpik Paris 2024, ramai dalam kalangan pengguna media sosial di seluruh dunia mempersoalkan tema upacara selepas ia dikatakan mengandungi unsur mempromosi budaya LGBT, pujaan syaitan dan memperlekehkan agama Kristian.",0,0,0
Nananan,@Nananan60388973,2024-07-27T08:39:27.000Z,Sepettinya ada isu lgbt yg terselipkan,0,0,0
Vicky Kurniawan,@vickyelkhaer,2024-07-27T08:38:47.000Z,"Orang-orang LGBT/gay memerankan Jesus di perjamuan terakhir. Unsur-unsur satanism di dalamnya. Alasannya untuk mewakili seluruh keberagaman tapi atlet berjilbab dilarang. Just it. Orang-orang Kristen justru menjadi terasing dengan gay memerankan (""memarodikan) hal itu. IMO.",0,0,0
Aslan,@hannibal19055,2024-07-27T08:38:32.000Z,Lgbt propagandasi izledik,0,0,0
ahmad,@ecchix01,2024-07-27T08:38:27.000Z,Lgbt taik ,0,0,0
Doom Slayer,@DoomSlayerID,2024-07-27T08:38:04.000Z,â€œLGBTâ€li ne demek ya ,0,0,0
Pipichuu,@aintn0thing,2024-07-27T08:36:44.000Z,Debat masalah lgbt sama ulama islam tuh cuma cari pembenaran. Padahal udah pada tau jelas2 haram.,0,0,0
tokyo.,@yunwonnie,2024-07-27T08:36:25.000Z,umi lgbt kah?,0,0,0
SW News - SOFT WAR NEWS,@SoftWarNews,2024-07-27T08:36:11.000Z, Terjadi di Perancis: Kaum LGBT membuka Olimpiade dan pada saat yang sama tikus-tikus di bawah Menara Eiffel heran melihat tingkah laku mereka.,0,0,0
Kardus,@damiu_21,2024-07-27T08:34:48.000Z,LGBT baik itu kaya gimana?,0,0,0
Bro Safuan | Content Strategist,@ahmaadsafuan,2024-07-27T08:34:13.000Z,"Iâ€™m just glad bukan kita je yang kecam this performance.

Even western people pun ramai yang kecam and some of them even offended.

Punya lah konon tak bagi kita offend geng LGBT tu, tapi dia??

Siap include budak kecik kot kat tepi tuu??

What was in their mind??",0,0,0
mendung,@mendung67090227,2024-07-27T08:32:50.000Z,"loh bukan ny mereka lagi nunjukin budaya hypocrite ny mereka. munafik. tereak tereak nolakin pengungsi yg dianggap bawa budaya arab, tapi welcome sama globalist yg bawa budaya lgbt ny. lengkap loh itu kalo nonton, gay lesbi banci bahkan pedofil ny",0,0,0
BogusÅ‚aw BudziÅ„ski,@bogdan1409,2024-07-27T08:31:46.000Z,Ruda banda LGBT,0,0,0
NolSatu23,@MirzaIskandar15,2024-07-27T08:29:32.000Z,Hewan lebih mulia drpd lgbt,0,0,0
Vicky Kurniawan,@vickyelkhaer,2024-07-27T08:27:03.000Z,"Tadi gw kritik ini diserang sama gerombolan orang gak jelas. Dikira gw pendukung fasis karena anggota parlemen sayap kanan menghujat acara ini yg dianggap mempromosikan LGBT, satanis dan menghina jamuan terakhir Jesus dengan gay jadi aktornya. Sialan orangÂ² goblok gak pny nalar.",0,0,0
Messinho,@auncfc,2024-07-27T08:26:41.000Z,LGBT kalo baik ga maksain agenda itu ke anak2. Otak lu dipake makanya,0,0,0
K.R.M.T.,@ranrats,2024-07-27T08:26:10.000Z,Lgbt bakar aja,0,0,0
Nandaselalubenar ğ–£‚,@atlanticakth,2024-07-27T08:24:38.000Z,Maksud LGBT baik itu apa bang,0,0,0
akuingin,@uttermost_fel,2024-07-27T08:24:24.000Z,Emang bajingan lgbt tuh disgusting,0,0,0
Bang Zull__,@simpanse_s,2024-07-27T08:22:26.000Z,"budaya Perancis itu ya mendukung segala jenis keterbelakangan, rasisme, LGBT dan penistaan agama",0,0,0
Luthfii,@luthfiabudzarg,2024-07-27T08:22:20.000Z,Performa baik Celine Dion ketutup sama agenda Woke dan LGBT sampah,0,0,0
ì„ë¯¼ê·œ,@3xquisit3_,2024-07-27T08:20:46.000Z,"itu yg blkg kok bisa parodiin last supper  slh 1 adegan sakral diparodiin aja udah gak bener, bikin sisi religius nya terkikis. ini mlh pemerannya bnyk pake kaum lgbt+
and that blue character, kyknya dia parodiin Dionysius, jd dia adl dewa anggur, perjamuan & pesta pora",0,0,0
Yulianto,@yulianto_fredi,2024-07-27T08:19:30.000Z,"Dua kata lucu. 
LGBT Baik",0,0,0
Bimo Putranto,@bimo_tanto,2024-07-27T08:19:10.000Z,"Industri yg pasarnya diramaikan kaum lgbt, berani bilang kaum lgbt ganggu ? 

Mzbim RT ini biar followers mzbim ga ada yg kesini. Give your money to other businesses yg ga bilang kalian ganggu.",0,0,0
MAURICIO RODRIGUEZ,@Mauricio221166,2024-07-27T08:12:49.000Z,basura LGBT SATANICA,0,0,0
Mior,@danny_ramly,2024-07-27T08:12:25.000Z,Bodoh puak2 woke & LGBT ni. Memang perosak muka bumi.,0,0,0
PandaMerah,@PandaMerahku,2024-07-27T08:11:44.000Z,"Katanya negara sekuler tapi kok malah memasukkan unsur agama, bahkan menghina, belum lagi agenda LGBT juga terlihat jelas disini, kenapa nggak tampilin aja Ratatoullie, Linguini sama Tikus Masak, masakan khas perancis?.",0,0,0
Junk-Post,@abd69650,2024-07-27T08:10:36.000Z,"LBh Banyak promo LGBT Nya malah keknya,,,
Seolah2 mau gambarin Kalo Tuan Rumah Negara yg Bebas,,,",0,0,0
á®ƒá®Šá®ªá®™á®œá®ª á®á®ªá® á®”á®ªá®“á®¢ á®•á®¢á®’á®™,@che_ploxendog,2024-07-27T08:09:52.000Z,Harus dengan tegas bilang kalo seremoni opening Olimpiade kemarin itu adalah PARADE LGBT.,0,0,0
Temopvv,@Temopvv_,2024-07-27T08:08:19.000Z,Pildun 26 bisa jdi ajang promosiin lgbt lg nih pasti,0,0,0
Ã–rsan,@rsan16550071,2024-07-27T08:08:19.000Z,LGBT 'ci bu,0,0,0
Valen collections,@Valenolshop1,2024-07-27T08:07:48.000Z,Saya menjual 100 KAPSUL TONGKAT ALI / PASAK BUMI SUPLEMEN VITALITAS PRIA / PENAMBAH GAIRAH/ STAMINA PRIA ORIGINAL MALAYSIA seharga Rp288.000. Dapatkan produk ini hanya di Shopee! https://shopee.co.id/xiao7175/18969954654â€¦ #ShopeeID Medan LGBT Whoosh Tempe vidio,0,0,0
PandaMerah,@PandaMerahku,2024-07-27T08:07:35.000Z,"Penuh banget unsur penistaan agama, dan  agenda LGBT.",0,0,0
Hope Toast Supremacy,@hopetoastsyfqh,2024-07-27T08:07:12.000Z,"Try hard sangat sangat lgbtq dekat sini ni. Padahal dalam 100 orang, ada sorang orang je lgbt. Imagine? How you are the micro number here",0,0,0
les ğœ—ğœš à¾€à½²,@thinkofgyuu,2024-07-27T08:07:05.000Z,lgbt,0,0,0
kucing Û«Û«Û«Û«Û«Û«Û«Û«Û«Û«Û«Û«Û«Û«Û«Û«Û«Û«Û«Û«Û«Û«Û«Û« â« âƒ¢Ü«,@justr1mja,2024-07-27T08:06:48.000Z,"harusnya di blokir sih dari cinema Indonesia, heran kok bisa lolos sensor,

sebagai fans nya Wolverine mayoritas filmnya bagus dan keren, nostalgic juga,
tapi HERAN kenapa harus bawa-bawa tema equality dan LGBT sih",0,0,0
White Bunny,@mauripan92,2024-07-27T08:06:25.000Z,Pamer LGBT pastu kekonon body positiviti dgn org yg obese. Dgn laki sebelahnya telur terjulur keluar. Defeat purpose acara sukan antarabangsa and shame to your country.,0,0,0
Paniiic,@_asfani_,2024-07-27T07:54:19.000Z,"Yukkk Saudaraku, normalisasi menentang LGBT, jangan dikasih tempat",0,0,0
Reconquest,@RifatYurham,2024-07-27T07:54:05.000Z,"prancis udah dirusak politikus sayap kanan, kaum lgbt, kaum woke, imigran afrika, sama imigran timteng",0,0,0
Ariff Eye Ahmad â„¢,@KartunisGandum,2024-07-27T07:54:00.000Z,Org Msia bila tengok Acara Pembukaan Olimpik Paris 2024 berunsur LGBT...,0,0,0
Against LGBTQChild grooming & abuse.,@akulahygtweet,2024-07-27T07:53:44.000Z,"Masih tak boleh fikir ancaman LGBT & Woke culture pada masa hadapan?

Seronok bangga raikan mereka dengan pronouns anda?

Santuni mereka dengan akal bukan dengan redha dengan amalan mereka. 

Stop being enabler.",0,0,0
Zul,@ZulMZS,2024-07-27T07:52:13.000Z,"The worst olympics ever. 

Kau nak jadi lgbt ke apa tu pilihan kau tapi jangan paksa dan sumbat ideologi kau dekat orang lain. Fuck stupid people",0,0,0
warbunny,@__GREYFIVEN9NE,2024-07-27T07:52:04.000Z,LGBT,0,0,0
SANJAYA,@bngktsnjy,2024-07-27T07:50:54.000Z,"Opening olimpiade dibalut agenda/promosi kaum LGBT..

#kickLGBT",0,0,0
Faizal Fader.,@pangaeaf1,2024-07-27T07:50:02.000Z,Sok keras ngatain agama sendiri lewat lukisan The Last Supper. Yesus dan beberapa teman perjamuannya kagak LGBT+ ya anjeng.,0,0,0
Puliskot,@ariamansluggish,2024-07-27T07:49:41.000Z,Anda saya sumpahin ketemuan sama yg LGBT baik...... Sampe menyesal seumur idup,0,0,0
Cirro,@RNote10s,2024-07-27T07:46:45.000Z,"Pada marah siy, bule2 yg masih kristen pada komen itu blasphemy. Cuman ya gimana, kaum globalis atheis lgbt udah lebih dominan di barat.
Pemerintahnya juga lebih pro kaum laknat itu. 
Menjijikkan lah..",0,0,0
Fayzzz,@BuzzerRp_,2024-07-27T07:43:04.000Z,Materi kajian khusus lgbt.,0,0,0
aris,@aris_kriswanto,2024-07-27T07:42:23.000Z,"Salah satu yg harus di kick dari sepak bola ialah isu sosial rasis, tapi mereka masukan lagi isu LGBT . Semua Terkonsep",0,0,0
Syukri Samiri,@syukriditto,2024-07-27T07:41:58.000Z,Bodoh punya Olimpik France ni. Punya nak promote LGBT sampai jadi bangang.,0,0,0
SETO,@TSETOW1,2024-07-27T07:41:44.000Z,"KATANYA BANYAK PARADE AJANG PAMER LGBT & SETAN JUGA YANG HADIR NONTON LGBT JIKA BEGITU RENCANANYA, 
TDK BENAR UNTUK NEGARA PANCASILA .

SABTU SIANG #TimnasDay 
SORE",0,0,0
Naksu,@TenkoDD,2024-07-27T07:41:08.000Z,LGBT budayanya,0,0,0
jaaaa,@jahteazz,2024-07-27T07:40:42.000Z,"opening ceremony kali ni sumpah trash as fuck. wth drag queen, lgbt apa lancau semua tu buat kat olympic?",0,0,0
KukuruyukPagi,@kukuyuyuk,2024-07-27T07:38:55.000Z,Saya masih gak follow acmilan lagi sampai sekarang sejak milan endorse LGBT,0,0,0
Lisa Olivia Lee,@prettyberries,2024-07-27T07:38:08.000Z,"Patut lah makin mengarut Olympic, dah lgbt punya gang dan â€œyahudiâ€ lagi oh wellâ€¦ agenda dan plan mereka biasa laa akhir zaman kanâ€¦",0,0,0
rlv,@Chronicia,2024-07-27T07:37:34.000Z,"Ciri khas mereka ya itu lgbt, itu aja banyak transgender disitu",0,0,0
ngaakkkk,@superclstr,2024-07-27T07:32:35.000Z,so far belom liat sjw lgbt indon bersuara tentang olympic ,0,0,0
Bpoz,@PozzieB,2024-07-27T07:32:34.000Z,"Kalo kita lahir 2008 kayaknya skrg udah AIDS koh... Saya dulu SMP SMA gak kekontrol itu kontol.. Apalagi jaman skrg banyak yang belain LGBT, gak ragu buat pasang foto ngajak ngewe...

Dulu dibully merasa sendiri di dunia. Yg lain semua suka cewek hahaha",0,0,0
Sunlight...,@Thinks_1st,2024-07-27T07:27:08.000Z,Inilah kenapa lgbt itu menyimpang dan merusak generasi...,0,0,0
Okvmiç‹¼,@LarnChyee_,2024-07-27T07:26:29.000Z,Semua nak lgbt,0,0,0
Elp123,@Elp123181872,2024-07-27T07:25:47.000Z,Sumatera Barat darurat LGBT (penyimpangan perilaku yang sebenarnya patut penanganan serius di berbagai aspek sosial dan pendidikan,0,0,0
bon cabe,@wulandarierni41,2024-07-27T07:25:47.000Z,".cocoknya para banci lgbt itu di musnahkan deh, org gk jelas sumber penyakit pula",0,0,0
Edrick F.hong,@e98971,2024-07-27T07:25:34.000Z,"Gw bukan homofobik, tapi LGBT tu sebenarnya gak penting banget bagi dunia",0,0,0
leoy,@calmurtittiess,2024-07-27T07:24:04.000Z,Negara lo gajelas gblok. Event olimpiade malah jadi event lgbt tai,0,0,0
NOVELO,@ntoniusn,2024-07-27T07:23:24.000Z,"Thanks to Allah, gw dianugerahi firasat untuk gak follow akunÂ² penista agama sekalipun pernah sebarisan di oposisi.

AC Milan official aja pernah gw unfoll waktu dukung LGBT, apalagi cuma akun penyebar GA kayak gini yg telah hinakan agama ",0,0,0
RVLTZX,@Rezzaiqball1,2024-07-27T07:22:51.000Z,Zionist udh masuk ya begini lah ditambah in  LGBT pula ,0,0,0
Ales Gozali,@Ales21070844,2024-07-27T07:20:46.000Z,LGBT,0,0,0
NOVELO,@ntoniusn,2024-07-27T07:19:01.000Z,"Thanks to Allah, gw dianugerahi firasat untuk gak follow akunÂ² penista agama sekalipun pernah sebarisan di oposisi.

AC Milan official aja pernah gw unfoll waktu dukung LGBT, apalagi cuma akun penyebar GA kayak gini yg telah hinakan agama ",0,0,0
Bakhtiyar Muhammad,@kafiiel,2024-07-27T07:18:41.000Z,"Melarang atlet nya pake hijab, menormalkan LGBT",0,0,0
aniblogsan hat,@aniblogsan52394,2024-07-27T07:16:55.000Z,jujur bang ini hal terburuk yang pernah ada. pawai umum lgbt aja sudah buruk apalagi ini. olimpiade itu ditayangin di seluruh dunia. kalau begini yang ditonjolkan ya jelas ini sengaja banget,0,0,0
ruth,@ruthnats,2024-07-27T07:12:09.000Z,"Apakah kalo aku menikmati pertunjukan pembukaan olimpiade perancis tadi maka otomatis aku menjadi, pilih salah satu atau semuanya: zionist, LGBT+ supporter, atheist, jewish?

Kenapa sih orang mudah sekali menempelkan label ke orang lain hanya karena satu atau dua hal?",0,0,0
Maintwittt,@maintwittt,2024-07-27T07:00:15.000Z,Ada lg sih. Soal podcast diaa yg full english bahas lgbt dan podcast dia sm Felix Siaw,0,0,0
Miyo,@mi_yo_yo,2024-07-27T06:59:32.000Z,+ lgbt,0,0,0
bramey,@espressomoc,2024-07-27T06:59:16.000Z,"Contoh 
- bantuan RI ke palestina, dia nyinggung soal warga papua
- diskusi lgbt dgn ustad felix, dia nyinggung soal naluriah

see? 
tinggal pintar2nya netizen aja milih mana yg tepat mana yg tidak tepat",0,0,0
faziraruslan,@egforshort,2024-07-27T06:58:55.000Z,"Setujuuu. Scary betul tgk opening olympics Paris, show2 ngarut mcm lgbt, gay pondan, ritual, clubbing syok sendiri semu ada. Dunia akhir zaman.",0,0,0
OG,@originalsikkboy,2024-07-27T06:57:56.000Z,Woke agenda. Politik lgbt,0,0,0
El Diablo,@tl_chaos,2024-07-27T06:56:32.000Z,Hiyo opening ceremony ya Olympics inafaa ikuonyeshe how powerful the LGBT movement is.,0,0,0
BatMan,@fasillone05,2024-07-27T06:56:25.000Z,LGBT ,0,0,0
Harish Shah,@mahavir024,2024-07-27T06:56:18.000Z,LGBT,0,0,0
Cocoo,@Cocoyaa3,2024-07-27T06:55:09.000Z,Seliat aku yg cewenya ya. Yg dia undang ust. Felix utk bahas soal lgbt,0,0,0
biru á®˜á®¤á®›á®¥,@ipoprules,2024-07-27T06:53:54.000Z,lgbt adalah kita. kita adalah lgbt.,0,0,0
Rf.,@crybabibabian,2024-07-27T06:51:31.000Z,tapi sok2 bacot ttg LGBT. sok paten,0,0,0
muhammad aswin,@MuliAna55088,2024-07-27T06:51:08.000Z,kalau lgbt diakui dan disahkan pantas saja mereka sesukanya membantai rakyat palestina karena pemikirannya udah sesat,0,0,0
Julian. D. H,@YuliansiTono,2024-07-27T06:48:05.000Z,"Ga berbudaya ya makanya maksain nilai nilai yg mereka anggap keren LGBT, satanic, ga jelas emang.",0,0,0
El Sabah nur,@DuaLarsonn,2024-07-27T06:45:03.000Z,Konspirasi LGBT,0,0,0
pin,@YoungsterPoris,2024-07-27T06:44:46.000Z,"ga ngerti knp penyepung lgbt tuh glorifying orang gendut gitu, apa karna cuma mau coli ego doang(?) kek â€œliat nih gendut juga bisa tampil, ga cuma yg proporsional & sexy aja yg bisa tampilâ€

ga ngerti gua jancuk, mana itu niru perjamuan kudus, orang kristen ga ada yg marah pula",0,0,0
ğ“,@qtjaem,2024-07-27T06:43:37.000Z,"tapi kan lukisan itu berdasarkan Alkitab ngab, yg ikut perjamuan terakhir kan muridâ€ aja. dan skrg juga keknya gk ada larangan deh kaum lgbt ikut perjamuan kudus, anakâ€ juga bisa ikut perjamuan umum",0,0,0
Alip Khamaludin,@AlipKhamaludin,2024-07-27T06:43:13.000Z,Lelaki berkostum perempuan apa ga kampanye lgbt tuh?,0,0,0
ari.,@jjhwonu,2024-07-27T06:42:46.000Z,ni semua kumpulan lgbt  to impress that society,0,0,0
erelce.2024,@2024Erelce,2024-07-27T06:42:06.000Z,presidennya lgbt istinya waria...wajar toh,0,0,0
Venku,@venku50,2024-07-27T06:41:57.000Z,"Bukan Olimpik event , promote LGBT",0,0,0
,@opaomama,2024-07-27T06:40:38.000Z,jadinya kayak acara lgbt yaa bukan olympics,0,0,0
dnh,@m0raxincognito,2024-07-27T06:40:24.000Z,iya mana ni jg bkn bagian lgbt.. Tambah kocak,0,0,0
Dobri Ljudi,@ljudi_dobri,2024-07-27T06:39:10.000Z,LGBT ceremony,0,0,0
bukan maggi,@nuyenggggg,2024-07-27T06:38:17.000Z,"Sampah gila negara maju first world country tapi opening ceremony pun tak senonoh penuh LGBT, racism, takde seni langsung. Nasib baik ada Gojira. Come on la ni Olympic kot. Mana terpaling city of fashion tu",0,0,0
daisy,@daisyluev,2024-07-27T06:37:37.000Z,"udah lah, OG serahin aja ke negara asia. dijamin bagus. kita punya budaya, bukan woke agenda ga penting yg mock christianity. mereka yg nyajiin opening ceremony nya apa ga malu ya?

gue bisa bayangin ini proses bikin konsep acaranya kek mana. pasti dipimpin lgbt",0,0,0
The South,@TheSouthers,2024-07-27T06:36:53.000Z,Semenjak LGBT subur di barat emang mbuat mundur semua aspek kehidupan,0,0,0
Name cannot be blank,@ftth_lee,2024-07-27T06:33:50.000Z,Entah2 depa buat kontoversi utk cheap marketing je..tp biasa org2 depa ni suka sampaikan mesej tersirat atau mempromosikan benda2 yg bertentangan dgn lumrah..cth lgbt. Sbb benda tu 1 normalisasi dah kat sana.,0,0,0
xxkyy,@yourromeeo,2024-07-27T06:28:57.000Z,kaum lgbt sekarang ngeri ngeri bgt pada maksa bener im 100% straight assholee,0,0,0
DwiAgusPurnama,@gus_pur11,2024-07-27T06:28:00.000Z,"lgbt merajalela....
sinting",0,0,0
I.L.E,@ILHAMMuhilham19,2024-07-27T06:27:59.000Z,Pndukung lgbt,0,0,0
CACAO,@c4cao,2024-07-27T06:23:45.000Z,"Misalny straight sekalipun, trus olimpiade indo opening ceremony ada pedangdut nyanyi dgn goyangan menjurus erotis, gw bakal ewww jg. Samalah kek ini, bukan masalah lgbt ny, tp kenapa tayangan pg ttg sport kek gini yg dipertontokan malah hal2 yg menjurus ke fetish dan sexual?  https://x.com/dailyreportsx//dailyreportsx/status/1816930303178412390â€¦",0,0,0
rudestrong,@rudestrong,2024-07-27T06:21:26.000Z,"Bukannya ini kesukaan kaum LGBT,Feminis dan Woke ya?",0,0,0
sheeels,@letsseeworlds,2024-07-27T06:20:57.000Z,"Pas nonton bagian ini jd mikir ""walah kok LGBT semua"" tp gak banyak aku tonton jg",0,0,0
ONE KING ONE CROWN,@rdezxc182,2024-07-27T06:19:52.000Z,GOQT apanya LGBT?,0,0,0
The.real.pride (no lgbt shit),@thee_real_pride,2024-07-27T06:16:44.000Z,Ye konsi movie hai?,0,0,0
Hafiz Dewanto,@hafizdewanto,2024-07-27T06:15:25.000Z,"Tadi pagi baru banget nonton ini, ust Khalid info bahwa Islam â€œkerasâ€ banget perihal kaum lgbt. Eh gak lama nongol video2 opening ceremony Olympic yg kek lgbt parade, sinting.",0,0,0
ì•„QiÙ„Ø§,@aqilahnordin__,2024-07-27T06:15:12.000Z,"Bukan olympic yg di highlightkan, lgbt yg kuat. Paris paling hambar tak rasa patriotic langsung nk celebrate gamesmanship",0,0,0
Riduan Aruan,@riduan_aruan,2024-07-27T06:14:31.000Z,"Penghujatan terhadap umat kristen sedunia.
Pemujaan akan setan
Kebebasan lgbt",0,0,0
open!!!,@thenotebug,2024-07-27T06:03:47.000Z,Memang lgbt bisa juga lagu berjudul tsunami,0,0,0
g.a. snaiderbaur,@Giorgio91750053,2024-07-27T06:02:54.000Z,Le Olimpiadi di Macron LGBT.,0,0,0
extra,@MUHAMMA75709263,2024-07-27T06:00:44.000Z,"Pantes rusia gak suka LGBT karena ya emang bahaya banget buat generasi penerus bangsa.
Padahal diagama apapun itu perilaku menyimpang tidak dibenarkan",0,0,0
Jong Ost,@jong_ost89988,2024-07-27T05:59:08.000Z,"penghinaan agama, promosi lgbt. moral kaum barat rusak liberte yg kebablasan",0,0,0
Mikayo Naka,@_mrnzm,2024-07-27T05:58:20.000Z,Diam la lgbt bodo ,0,0,0
syekh_kyai_wali_sakti_mandratakberguna,@syekh_kyai_lmao,2024-07-27T05:53:06.000Z,"Maksudku, prancis, inggris, jerman, dll mau menjadi negara lgbt juga tidak masalah, kan? Kita kan bukan orang sono. Menerima pilihan mereka juga nggak rugi bahkan negara2 lain mendapat perbandingan/benchmark

Nah, masalahnya mereka mendatangkan kadrun yg jelas2 lebih superior",0,0,0
cemitiurep,@joifajoi,2024-07-27T05:50:34.000Z," LGBT,,pantesan orangnya kek gitu... ",0,0,0
Aichan,@Ai_nunia,2024-07-27T05:50:19.000Z,"Kesimpulan dari opening ceremony tadi pagi adalah... 
LGBT
FEMINISME
SATANIC
KEMALI KE ZAMAN PURBA(bugil) 

Cukup sekian.

#Paris2024",0,0,0
Cennavi,@cennavi,2024-07-27T05:49:44.000Z,"Yang bikin Paris rusak:

- Dipakai promosi LGBT
- Dipakai promosi MLM",0,0,0
ndreas,@AndreasSolusi,2024-07-27T05:49:33.000Z,"Iyo...
Itulah mengapa lgbt ditentang oleh agama",0,0,0
Rae #FreePalestine,@TheRaimi,2024-07-27T05:49:29.000Z,LGBT BOLEH PERGI MAMPUS!,0,0,0
mamat stang miring,@dobujacks,2024-07-27T05:44:51.000Z,Prancis gapunya budaya jadi LGBT ajalah biar ga pusing wkwk,0,0,0
Fah - Mie,@fanononaf,2024-07-27T05:44:10.000Z,"masih jauh bagus asian games indo 
lagi hypenya koreaxdangdut seni daerahnya
ini paris apakah khasnya lgbt aneh gitu ya?",0,0,0
,@FloralTex,2024-07-27T05:42:46.000Z,Lgbt,0,0,0
Latif _ Nurrohmah,@NurrohmahL47510,2024-07-27T05:42:43.000Z,Betul krn di sana LGBT,0,0,0
Laksmi,@are_inismyname,2024-07-27T05:42:30.000Z,Infiltrasi LGBT segitu besar damage nya buat keyakinan umat beragama,0,0,0
,@nr___na,2024-07-27T05:41:29.000Z,"Yup ,ada unsur satanic n LGBT",0,0,0
::catnip::,@developer_dt,2024-07-27T05:38:43.000Z,"mbak ngapain cari validasi dari orang2 ini, 
dishonest and a liar is their forte, berapa banyak pesantren yg menerima pelaku lgbt gak ada yg nyuruh mereka bersedia untuk di rajam, ribuan pesantren ngeluarin lulusan gak ada yg tetiba nyuruh merajam para pezina atau bencong.",0,0,0
Kintama,@dragonbad290,2024-07-27T05:36:29.000Z,Kumpulan orang idiot byk yg lgbt tapi pro islam otaknya dimana coba,0,0,0
Nutella peanut butter,@iyoonah60,2024-07-27T05:34:54.000Z,LGBT ini mah dan yang parodi itu para crossdresser. Makin terbuka aja Prancis dengan LGBT sampai dibawa ke ajang resmi seperti ini.,0,0,0
iphhelmet&Co.,@iphhelmetandco,2024-07-27T05:32:29.000Z,LGBT = HIV ,0,0,0
irdavilinzi,@ramaramrem,2024-07-27T05:31:33.000Z,"Ga ada kenarsisan diluar nalar, ga ada normalisasi lgbt, ga ada pamer freesex anj. Mau kiamat emang anj",0,0,0
lukeinhk,@Lukeyyyyyyyyyyd,2024-07-27T05:29:13.000Z,fk LGBT,0,0,0
Amer Hamzah,@amer7211,2024-07-27T05:29:03.000Z,Macam LGBT Parade pulak. ,0,0,0
widdiw,@widnyana_igst,2024-07-27T05:27:44.000Z,"So gay opener olympic paling menjijikan
Semoga gak ada pengibaran bendera lgbt waktu penyerahan medali",0,0,0
felipos' heart wont start anymore â€¢,@daylightd1mon,2024-07-27T05:26:56.000Z,Parada LGBT no dbd q babado,0,0,0
Bli Saka,@ngurahsaka,2024-07-27T05:14:05.000Z,"Ga ada yang ngamuk kok, itu kan balesin biar kamu sadar, 

Kalian ngakunya anti LGBT, tapi di belakang suka sodomi ",0,0,0
pakcik gassing eps.2,@TataGassing2,2024-07-27T05:12:52.000Z,Ini si kemala bersanding ama LGBT+,0,0,0
Spassky,@grymsteke,2024-07-27T05:10:08.000Z,"LGBT ga ada sangkut pautnya sama Pedo, S*i*u* Ja*il, nikah sm DP, ketangkep gegara pedo wkwk",0,0,0
BBC News Indonesia,@BBCIndonesia,2024-07-27T05:08:35.000Z,"Di peternakan terpencil Siberia, Adaâ€”seorang transpuanâ€” diperdaya menjalani terapi konversi orientasi seksual. Keluarga, masyarakat, dan kini UU anti-LGBT semakin mencekik kaum minoritas gender di Rusia.

Bagaimana perjalanan Ada keluar dari siksaan itu?",0,0,0
shahrulhairi,@ShahrulX6,2024-07-27T05:07:22.000Z,Tak habisÂ² LGBT ni nak promote nafsu diorang. Nak muntah tengok,0,0,0
Tapas,@TapasKu37927493,2024-07-27T05:00:30.000Z,Ab water bhi lgbt ban gaye hai ,0,0,0
Albatros,@AlbatrosKhalid,2024-07-27T05:00:01.000Z,Lgbt,0,0,0
Muhehe,@adzuanaiman,2024-07-27T04:59:51.000Z,x habis2 nk promote agenda lgbt pundek diorg ni mcm kimak jadinya hhahahaha,0,0,0
Globetrotter,@20NSN22,2024-07-27T04:59:17.000Z,LGbt= PATOLOGIA,0,0,0
immora,@HiMorana20,2024-07-27T04:58:03.000Z,"Thats what i see..btw, lgbt not ljbt kisanak..ini event olahraga sedunia loh..harusnya tonjolin dong semangat olahraganya, bukan malah kampanye lgbt bahkan mocking last suppers with drag queen and blue man smurf..what the hell",0,0,0
piul Andrio,@YAdrianyah,2024-07-27T04:57:22.000Z,"Indonesia saja tercatat ada 187 Juta Akun Judi Online, dari 3 website saja bisa mencapai Rp 1 Triliun kemarin, padahal akun sdh di blokir 5 ribu, Indonesia negara tdk berdaulat hgga spt Judol LGBT Pornografi veryÂ² cepat, anakÂ² Indonesia jd korbannya.",0,0,0
jian,@rintisell,2024-07-27T04:48:07.000Z,Lgbt nder,0,0,0
jelasjenaka,@jelasjenaka,2024-07-27T04:47:27.000Z,"I want to learn.. mbak 
@terserahraya
 bilang Nabi aktif menyuarakan anti LGBT, info sumber bacaannya dong mbak",0,0,0
ArjawinangÃ¼n FC,@arjawinangun_,2024-07-27T04:45:57.000Z,"atlet bukan, homo lgbt laknat di promosiin abis abisan

gila france ",0,0,0
Odama,@dama1991,2024-07-27T04:43:29.000Z,Malah udah ada wacana boikot karena mempromosikan LGBT & menghina Kristen.,0,0,0
Primero River,@_PrimeroRiver_,2024-07-27T04:43:08.000Z,LGBT?,0,0,0
Mayank,@Usa_MayankPan,2024-07-27T04:41:43.000Z,"Bhai europian country me LGBT community bahut hai 
To is ceremony me ye sb to hona hi tha",0,0,0
Ruz9ar,@Hra262728,2024-07-27T04:41:40.000Z,"LGBT normal, normal olmayan woke.",0,0,0
Pingin Baik,@CakNur971,2024-07-27T04:40:07.000Z,"Setahu sy, tak ada satupun ayat dalam Bible yg benarkan perilaku LGBT & genosida",0,0,0
ğ™¿ğšğš—ğš¢ğšğš”ğšŠ ğ™ºğšğšœğšğš—ğšğš’ğš›ğš’ğšŠğš—,@Autophile_25,2024-07-27T04:39:54.000Z,Yah gimana ga goblok kan penganut LGBT ,0,0,0
"Indefedent'$, DAÂ¥",@RidoRoma1273905,2024-07-27T04:38:24.000Z,"Ajaran yg ikut paham zionist pasti kelakuan ga beres,sarang judi,sex,LGBT,miras,",0,0,0
Merr Magda,@MerrMagda,2024-07-27T04:37:21.000Z,LGBT udah masuk ranah agama. Kebayang perang dunia 3 itu perang antara kaum religius berbagai agama vs LGBT berbagai negara.,0,0,0
Chewbacca Goldstein,@ChewbaccaG14089,2024-07-27T04:36:11.000Z,LGBT,0,0,0
ã‚¢ãƒ–ãƒ‰ãƒ©å…„å¼Ÿ,@faris_ikhwan98,2024-07-27T04:35:26.000Z,Paris ni dia punya lgbt bangsat tu sama naik dengan amerika,0,0,0
zahir,@infrontgek,2024-07-27T04:35:18.000Z,"Satanistic, pedofili, lgbt ",0,0,0
sif,@wannadiealrdy,2024-07-27T04:34:22.000Z,apa hubungannya sama lgbt anjir? they've always been bad.,0,0,0
RACUN SYOPI,@spilltokyen,2024-07-27T04:30:16.000Z,"ni cewek kan red flag, kemarin aja podcast sama ust felix yg masalah lgbt dia ngotot banget. tapi coki juga tolol dan bego banget najis",0,0,0
Made,@marleyanwariors,2024-07-27T04:24:37.000Z,"Banyak yng ngehujat ya, iya mungkin karena ada scene LGBT, tapi di sisi lain gojira itu pro palestine loh. Dia punya lagu judul nya silvera ttng genocide",0,0,0
Syair Hak,@SyairHak,2024-07-27T04:24:31.000Z, lgbt.,0,0,0
NepoBabyEra - DinastiAsianValue,@MilanistiSalaw1,2024-07-27T04:23:48.000Z,"Anying banget muak lihat para LGBT menari.. 

Tdnya sempat berfikir, wah oke api Olimpiade dibawa legenda2 di cabornya, mulai Zidane nih. Tp malah aksi parkur keliling kayak ga jelas..",0,0,0
kremtinggut,@RidhoHawalli,2024-07-27T04:23:37.000Z,LGBT sialan! Olahraga apa yg bisa kalian lalukan setan,0,0,0
"Human#Ã‡ocukYapCHP,li",@abcde87119365,2024-07-27T04:23:12.000Z,LGBT mi?,0,0,0
Lisya,@lysaapiz,2024-07-27T04:21:30.000Z,"Pebenda dia bawak club LGBT semua dalam olimpik, Paris and the stupidity commonly known. Dah lah bandar bau busuk, sungai tempat berak lepastu buat opening ceremony dekat sungai tempat berak citizen dia. Eiii.",0,0,0
stellalala,@coldsteel_la,2024-07-27T04:19:44.000Z,bolu lgbt,0,0,0
Padibakau,@Izham12345678,2024-07-27T04:15:05.000Z,Ala gurau gurau si LGBT je,0,0,0
Don Pablo,@mat_pablo959,2024-07-27T04:12:16.000Z,Mana un yang kata warna lgbt tu,0,0,0
Free Palestine,@bekokjin,2024-07-27T04:11:56.000Z,Baku pukul baku hantamm itu orang LGBT bang ryan,0,0,0
bantoro_,@Boediantar4,2024-07-27T04:11:18.000Z,"Propaganda LGBT makin hari makin menghawatirkan , jangan teledor asal cucu tenang pegang HP lantas kita nyaman dan ga peduli dg apa yg mereka tonton

Bahaya LGBT lebih berbahaya ditambah lagi pornografi",0,0,0
jobe,@seleksibersama,2024-07-27T04:05:43.000Z,dimarahin profesor lgbt,0,0,0
6'1 220,@Bellstringer42,2024-07-27T04:05:29.000Z,LGBT kobes,0,0,0
Fen,@bukan_penghibur,2024-07-27T04:04:37.000Z,Sadar diri it lbh bagus LGBT itu udh banyak musuhnya kalo di tambah parody2 agama sama bawa2 ank kecil bukan tambah banyak yg dukung malah tambah banyak yg benci apa lagi habis acara di paris ini boong bgt kalo orang2 terutama org tua gk tambah benci LGBT.,0,0,0
DEMIT EL MADRINISTA î¨€,@eL_madriNISTA,2024-07-27T04:00:53.000Z,"Adegan LGBT nya aja di film eternals udah bikin muak.
Apalagi yg ini, gak respeck sih",0,0,0
jaaappp,@lagilelah,2024-07-27T03:59:50.000Z,Aku tau dia lgbt tp kan akhir akhir ini kelakuannya itu loh makin ada ada aja ,0,0,0
Team_krativ,@Team_kreativ,2024-07-27T03:59:32.000Z,Kaum LGBT di olimpiade paris 2024,0,0,0
Fen,@bukan_penghibur,2024-07-27T03:58:26.000Z,"ya namanya standar ganda dongo hak2 agama lu hina abis tapi ada agenda satanisme jelas2 di support.

STOP NGEBELA LGBT GOBLOK!!! apa gk ad rasa malu lu ngedukung kaum yg  nunjukin plernya di depan anak2.",0,0,0
Mehmet fatih,@mag01020304,2024-07-27T03:57:57.000Z,Akepe = lgbt savunucusu,0,0,0
Spassky,@grymsteke,2024-07-27T03:55:32.000Z,"Gw jg proLGBT kok, tp menurut gw kaum LGBT yg nunjukin kelaminnya ddpn anakÂ² itu jatuhny mah ""an asshole""",0,0,0
Last Minute,@lastweetX,2024-07-27T03:53:40.000Z,Jangan percaya amat liat kaum LGBT dukung Palestina. Nanti arahnya dari Israel lagi sumber dana mereka,0,0,0
Zaen,@ZaenXYZ,2024-07-27T03:52:38.000Z,"Ini seperti perang candu yg sedang dilancarkan ke Indonesia nih
Tapi bukan cuma narkoba aj, ada LGBT, liberal, freesex & banyak kerusakan lainnya",0,0,0
Plg.jerry,@PlgJerry,2024-07-27T03:50:04.000Z,Dan juga satanic. Banyak lgbt nya,0,0,0
1stBET Malaysia,@1stbet_official,2024-07-27T03:43:00.000Z,"Jangan terlepas peluang ,,
Bonus kaw kaw tengah tunggu 
Play With Confidence , Worry Less 
Don't miss out on today !

PM HERE !!
Telegram : https://t.me/nabila1stcs
#Paris2024 #Jesus #Wolverine #LGBT #Israel #Netanyahu #London #CelineDion #OpeningCeremony  #MyLoveMixUpTHep8",0,0,0
NS,@ieunitnot,2024-07-27T03:42:54.000Z,"Nyesel begadang  cuman kuat nonton sejam tidur lagi, pas diliat ko banyak unsur lgbt, marodiin agama ah udah males aja , masih rame liat opening ceremony London 2012 yg ada mr bean nya",0,0,0
biy ğ“¯,@1712diary,2024-07-27T03:40:57.000Z,tuh fandom bener-bener gak ramah buat lgbt people :/,0,0,0
ICHSANBILA,@ichsanbila,2024-07-27T03:39:16.000Z,Ceromony pedofil dan lgbt,0,0,0
,@senyuuumdoong,2024-07-27T03:38:24.000Z,"Masih anggap enteng LGBT .. krn kebanyakan korban yg dulu jd korban d terjun bebas nanggung merasa diri sudah kotor jd LgBt sekalian .. banyak spt ini ..
Lihat kasus mutilasi kaum homo biasanya yg lakukan krn mental emosi mereka mmg TIDAK BIASA",0,0,0
Polisi Konten,@fauzialkautsar,2024-07-27T03:35:08.000Z,Agenda lgbt aja itu. Sick,0,0,0
Ummu Arga,@rahmaniarbaftim,2024-07-27T03:32:09.000Z,"Oooh iki tah sing podcast karo lgbt choki komika yg dibui krn narkoba itu!!?
Kelakuan pas ama orgÂ² isrewel zionis. ",0,0,0
fhfa,@Farisul_Hakim,2024-07-27T03:31:40.000Z,Makin barai opening ceremony 2024 ni. Gay lesbian lgbt semua dia masuk sekali. Dahlah bosan semua persembahan. Boycott paris ,0,0,0
Rom,@romangouye,2024-07-27T03:30:04.000Z,"makin terok ek org melayu kita niâ€¦ yg dh kahwin berumur pn sama je,, duk swing,,, tukar partner, 3some, gangbang, kt office scandal dgn laki/bini orgâ€¦.so good to see  belum citer bab lgbt yg konon majoriti tolak padahallll ",0,0,0
Noeeeeeeeeey.,@nyuck,2024-07-27T03:28:40.000Z,Bolu lgbt,0,0,0
J,@juntakujuntaku,2024-07-27T03:28:33.000Z,LGBT,0,0,0
jian,@rintisell,2024-07-27T03:27:20.000Z,Hmmm lgbt nya kentel banget,0,0,0
*,@NF_2502,2024-07-27T03:26:28.000Z,Dari awal udah kacau banyak pelaku LGBT,0,0,0
AgenRahasia,@inigwkayanya,2024-07-27T03:17:27.000Z,Gaperlu bawa agama.. ini emang udah menjijikan. Lebih bagus dibikin event besar2an LGBT seluruh dunia dikumpulin di satu pulau. Lalu Nuklir. Selesai,0,0,0
R.A.iden Ei,@RadenAjeng_Ei,2024-07-27T02:57:07.000Z,"Mendidih sih, darah gw. Tp coba kita sabar dan telaah lagi kata2nya. mungkin maksud dia, kaum LGBT ini juga ingin diperlakukan seperti warga Palestina diperlakukan oleh Israel. begitu. Biar apple to apple = melawan kodrat versi mereka.",0,0,0
Joseph Kiyotaka,@koitsuwaningen,2024-07-27T02:55:56.000Z,"LGBT community: GIVE OUR SPACEEE!!

Pas dikasih panggung:",0,0,0
Rei,@rei_yoshiki,2024-07-27T02:49:16.000Z,"Bila tgk pemujaan setan dgn geng lgbt

Patutnya kita tarik diri aja laa senang huhu

Gila diorang ni",0,0,0
tea,@freshtea__,2024-07-27T02:47:43.000Z,Astaghfirullah gilani opening olimpik kayak gini. Ditambah promosiin lgbt,0,0,0
Î‘Î»Î­Î¾Î¹Î¿Ï‚,@Volodymyr_Suv,2024-07-27T02:45:27.000Z,LGBT propaganda,0,0,0
Mitaaaa,@kkulkey__,2024-07-27T02:45:15.000Z,Sama Lgbt aja toleransi setinggi langit giliran hijab dibilang opresi. Ngga mutu banget negara ini,0,0,0
somnolen,@cefotaxime1g,2024-07-27T02:44:40.000Z,kan ekspektasi gue juga begini eraÂ² kerajaan lah temaÂ²nya eh malah parade lgbt+ ajjj,0,0,0
noname,@sinnyehsin,2024-07-27T02:34:41.000Z,"Setujusih LGBT tu sudah menyalahi kodrat dan nalar manusia,benar benar menjijikan",0,0,0
Nurazri,@WakJery,2024-07-27T02:34:00.000Z,Try hard utk promote LGBT dan fesyen.,0,0,0
rockerkids,@ErwinRockerkids,2024-07-27T02:33:41.000Z,Kaum LGBT,0,0,0
Johan libert,@jealousdadd,2024-07-27T02:33:09.000Z,"LGBT ini jadi solusi sementara nanti pas populasi ideal dan terkontrol ya mereka akan ditebakin disudutin dan dibully kaya biasa, ya semi-semi hitler lah.",0,0,0
Johan libert,@jealousdadd,2024-07-27T02:31:59.000Z,"Dividio bill gates sama mark robber sih bill gates nyaranin kita jadi vegetarian dengan mengolah sayur menjadi seperti daging, untuk mengurangi energi dan penambahan lahan untuk perumahan, menurutku cara bill gates ini mungkin cara terhalus daripada perang dan LGBT.",0,0,0
Johan libert,@jealousdadd,2024-07-27T02:30:16.000Z,"Jadi pilihanya gini aja, lu mau mati perang atau pengurangan populasi secara perlahan? Idealis zeke sama eren ini jadi nyata diantara perang dan enthanasia. Perang/wabah dan normalisasi LGBT.",0,0,0
PICK ACHU,@aerracun,2024-07-27T02:25:28.000Z,Opening #OpeningCeremony #Olympic2024 dari negri LGBT jelek parah ,0,0,0
Ami,@sweden_ami,2024-07-27T02:25:17.000Z,Geli tengok opening Olympic France ni .. Mmg kaw2 LGBT diorang ni,0,0,0
afizee,@afizee,2024-07-27T02:23:52.000Z,lgbt olimpik kah,0,0,0
Rahmat Trossard,@DemigodTriangle,2024-07-27T02:23:14.000Z,"aye aye captain, walau gw gasuka karna dia juga ""islamophobic"" tapi gw juga respect dengan lantangnya dia menolak propaganda lgbt",0,0,0
mal â™¡ gd,@amlnsusen_,2024-07-27T02:20:56.000Z,Paris ni beria betul promote lgbt. Faham nak tunjuk Paris is city of love but ini acara sukan ye ,0,0,0
common denominator,@dxtrzst,2024-07-27T02:01:22.000Z,Apa ke aneh sangat ceremony. Ini semua agenda lgbt,0,0,0
Pioliout,@BonnieOhello,2024-07-27T01:59:40.000Z,"Pdhl  artisÂ² yg  nyanyi itu,gay,lesbian,lgbt,free sex,pedofil juga .... klo ditolak,ngapain di jadiin pahlawan juga  munafik",0,0,0
Aihara Kotoko,@ruang_kosong05,2024-07-27T01:51:58.000Z,maaf yaa bagi mutual yg ngepost konten apapun berbau lgbt aku bub,0,0,0
Nizar Hawari,@nizar_hawari,2024-07-27T01:51:51.000Z,Adakah Kristian iktiraf golongan Lgbt yang Berkiblatkan syaitan  Yang di laknati oleh Tuhan dalam kisah sodom n Luth,0,0,0
Amir,@emertSNE,2024-07-27T01:51:08.000Z,Mu bodoh lgbt,0,0,0
lokal,@raslokal,2024-07-27T01:48:02.000Z,LGBT demen brondong,0,0,0
yui,@purestblooded,2024-07-27T01:47:56.000Z,"Sebenernya hiburan yang refer ke history kayak marie antoinette, les miserable, opera and the classical music oke sih i enjoyed it tapi setelahnya aneh. Ga masalah sama inclusivity lgbt tapi kesannya ga terorganisir jatohnya malah kek circus sorry not sorry",0,0,0
zafran | takafulexpert | weddingtemplate,@zafranmustafa,2024-07-27T01:47:45.000Z,"Balik balik guna modal LGBT dia tuh. Hahahaha bangang. Baik duduk hotel je atlet2 Malaysia, buang masa turun.",0,0,0
Dilan,@aldilan_,2024-07-27T01:46:31.000Z,"Ini karskter udh lma muncul isu bkl kluar sejak winter soldier, terakhir nonton marvel dan disney ya american chavez udh ad bumbu2 lgbt jd males skrng",0,0,0
Nizar Hawari,@nizar_hawari,2024-07-27T01:46:24.000Z,Mengapa anda Semua Marahkan Golongan Lgbt merasmikan majlis Olimpik Paris.. bukan kah Anda semua Masyarakat Eropah Kononnya Sayang pada golongan Lgbt.. pengajaran adalah masyarakat Eropah mesti kembali semula patuhi ajaran Bible n Injil selain Qur'an,0,0,0
Asyraaf | Your Web Designer,@asy_raaf,2024-07-27T01:45:07.000Z,"aku harap tuan rumah Olympics kalah teruk sebab promot lgbt. kalau ada acara wanita tetiba ada bapok, boikot jer la acara tuh.",0,0,0
Ricky,@fernando090993,2024-07-27T01:44:06.000Z,Bukanya anda mendukung LGBT LOL,0,0,0
hokkien lucky alwayz,@iph0neXrumyme29,2024-07-27T01:43:13.000Z,"OLYMPICS 2024 CRAZY 
see ? satanis, pedofil, mencemoh agama, lgbt semua jadi 1 
olympics has fallen
west has fallen 

Naudzubillah",0,0,0
Detodocrypto,@detodocrypto,2024-07-27T01:41:53.000Z,Angola LGBT ,0,0,0
Alvindra,@AlvindraRozali,2024-07-27T01:41:03.000Z,LGBT ,0,0,0
littlethingcalledlove,@calleeedlove,2024-07-27T01:31:59.000Z,"kan uda dibilang orang orang yg klaim mereka open minded itu cuma bela lgbt, seks bebas, merokok, mabok, pakaian seksi, tp menentang banget ke hal baik yg diajarkan agama kaya bercadar, nutup aurat, nolak lgbt, dan sekarang nirempati ke palestina karna mayoritas islam",0,0,0
sFz,@_Isayyy,2024-07-27T01:30:30.000Z,Gerakan LGBT ini makin terlihat idiot dan sampah.,0,0,0
Nizar Hawari,@nizar_hawari,2024-07-27T01:30:09.000Z,Kepada masyarakat Eropah dan Barat yang beragama Kristian.. kembali lahhh kepatuhan anda semua kepada ajaran Bible n Injil yg dibawa oleh Jesus Christ atau Isa as.. bukan ikut telunjuk golongan Lgbt yang Berkiblatkan syaitan  Yang di laknati oleh Tuhan,0,0,0
Mo,@SwaggyMoYT,2024-07-27T01:26:29.000Z,"@SiPalingSPd
 LGBT wes mlebu",0,0,0
jus,@justikaru_,2024-07-27T01:24:01.000Z,hari hari ingin menghapus G dari LGBT,0,0,0
Nizar Hawari,@nizar_hawari,2024-07-27T01:19:08.000Z,Kepada masyarakat Eropah dan Barat.. kembali lahhh  kepatuhan kepada Injil n Bible.. jangan jadi Hamba kepada ajaran Syaitan  seperti golongan Lgbt yg dilaknat Tuhan seperti peristiwa sodom,0,0,0
Nizar Hawari,@nizar_hawari,2024-07-27T01:14:49.000Z,Adakah masyarakat France atau masyarakat Eropah kini berkiblatkan agama Lgbt Yang dilaknat Tuhan dalam kisah Luth n sodom Bukan berkiblatkan Kristian yg dibawa oleh Jesus Christ atau Isa as,0,0,0
rif,@rinseo_,2024-07-27T01:11:04.000Z,ta* emg malah aji mumpung promosiin lgbt,0,0,0
1 4 u,@haiiiuuuyyy,2024-07-27T01:07:33.000Z,"Jlekkk, membosankan, menjijikkan (LGBT scene). Paling miris gabisa liat atlet seluruh dunia  lebih jelas ",0,0,0
PENGGALI KUBUR,@pamswakarsa_,2024-07-27T01:07:05.000Z,"Olympiade paris Â²â°Â²â´ lebih ke menceritakan masa revolusi prancis dan tidak lupa tentunya menyisipkan pesanÂ² satanis dan LGBT.

Gojira,Marie Antoinette",0,0,0
YEMA,@tcnvramal,2024-07-27T01:03:30.000Z,"Spesies lgbt ni mmg betul sakit mental, dah la tak boleh nak terima hakikat gender msg2, nak satu dunia terima spesies2 dia ni...mmg celaka! ",0,0,0
Budi Sakadi,@bskakadi,2024-07-27T00:42:22.000Z,Kaum LGBT dan transgender membentangkan bendera Indonesia pada pembukaan olimpiade 2024 di Paris #paris2024olympics,0,0,0
The Spicy Salima (Uni Ima),@ImaIsBack,2024-07-27T00:41:15.000Z,"Anti LGBT unt dinormalisasi 

Tapi ya ga akan benci orgnya",0,0,0
jaymz,@llll_l_lllll_ll,2024-07-27T00:34:48.000Z,Betul2 nak push lgbt oo,0,0,0
infp,@orangevertz,2024-07-27T00:32:43.000Z,kecewa sama olimpiade paris. nunggu tiga tahun malah openingnya isinya mocking christ dan ada lgbt. daripada kek gitu mending nyuting langit atau apa kek. ga guna banget kayak acara sampah. moment sakralnya rusak. padahal some part udah bagus but why they showed that sh*t,0,0,0
ğ¦ğŸğ›ğ§ğ±,@jvlivs09,2024-07-27T00:32:00.000Z,", Lgbt
n7tchon yamak ya macron",0,0,0
Eno,@loreleiy_,2024-07-27T00:30:54.000Z,Pake hijab g  boleh tp lgbt maksa boleh. Sinting emang.,0,0,0
æ±Ÿé˜´å•ç”·,@guoweiwei161,2024-07-27T00:30:46.000Z,LGBT,0,0,0
#TeamHumanity,@jen_l4u,2024-07-27T00:29:47.000Z,"Ajang olahraga kok jadi ajang kampanye LGBT.
Pakaian tak senonoh. Joget2 erotis. Bawa anak kecil lagi.

#BoycottOlympics 
#MakeOlympicsGreatAgain",0,0,0
1 4 u,@haiiiuuuyyy,2024-07-27T00:29:08.000Z,"Adminnya effort banget, hide komen yang kontra LGBT.
#OpeningCeremony #PARIS2024 olimpiade yang jelek, jijik (LGBT scene), paling & freak. Sejarahnya cuman karena di sungai aja. Mau lihat atlet favorit dari seluruh dunia jadi gabisa. Maksa banget mau terlihat bersejarah.",0,0,0
Bendera merah,@Akahata_17,2024-07-27T00:28:42.000Z,"#BawaPulangMedali
Ngapain bawa medali, kalau akhirnya agamadihina sama LGBT isme yang bahkan merendahkan mereka sendiri??",0,0,0
Fen,@bukan_penghibur,2024-07-27T00:04:14.000Z,"Kalo ad yg bilang keren ya kemungkinan besar org itu

1. Pedofil
2. Kaum LGBT
3. Emg gk suka kristen aj",0,0,0
SETO,@TSETOW1,2024-07-27T00:03:38.000Z,"BERAT UNTUK DAERAH TERTENTU KASUS LATAR LGBT SANGAT MENONJOL & SAAT INI SUDAH DIPUNCAK KEJAHATAN NYATA LGBT SUDAH BANGUN JARINGAN UNTUK MENGHANCURKAN AGAMA DARI DALAM DGN CIPTA KAN AGENÂ² VEKTOR PENYEBARAN DARI LULUSAN SEKOLAH PENDIDIKAN AGAMA TDK LAGI KAUM UMUM.
@DPR_RI
@MUIPusat",0,0,0
Val. //,@berrypop_p,2024-07-27T00:03:29.000Z,Bro chan km lgbt tp radikal bgt kenapa ya... spreading hate dimana2... gasligjting org hetero dimana2... gimana caranya mereka nerima kita sbg lgbt kalo lu nimbulin kesan yg gak baik bagi kelompok lgbt ?,0,0,0
ZI.jpg,@Zarra_ZI,2024-07-27T00:01:35.000Z,Dah zaman2 lgbt exposure habis 1 dunia dia nak tunjuk dia fikir org akn terima ,0,0,0
raya,@terserahraya,2024-07-27T00:00:43.000Z,"gue engga bilang semua org lgbt memaksakan kehendak, toh kalo dibilang gt, org beragama yg memaksakan kehendak jg banyak. intinya ya, ga usah memaksa untuk diakui di suatu agama kalo dalam agama itu jelas-jelas salah. karena itu urusannya udh sama tuhan, bukan manusia. sekian",0,0,0
Brad_Philly,@Brad_Philly,2024-07-27T00:00:25.000Z,Haha!! â€œLGBT & BLM allyâ€,0,0,0
raya,@terserahraya,2024-07-26T23:58:18.000Z,"kalo org lgbt mau dpt pengakuan sebagai warga negara, tentu aja gue engga masalah. gue percaya setiap orang punya hak utk hidup sejahtera. tp kalau mencari pengakuan dalam agama? tentu aja gue menyarankan, lebih baik mencari ke tuhan dibanding hrs memaksa org beragama buat ngakui",0,0,0
nuraeni,@nurbaut80,2024-07-26T23:55:29.000Z,"@france
 negara kandangnya LGBT sakit jiwa?",0,0,0
rockerkids,@ErwinRockerkids,2024-07-26T23:54:57.000Z,Kaum LGBT jir,0,0,0
raya,@terserahraya,2024-07-26T23:53:28.000Z,"ga mengakui lgbt bukan berarti ga memanusiakan. dan opini orang ga beragama lebih manusiawi juga dangkal, itu abu-abu. gue jg ga akan bilang org beragama lebih manusiawi. hanya aja, lu harus tau kalo bentuk memanusiakan itu ga lewat pengakuan.",0,0,0
.,@bagjanism,2024-07-26T23:49:05.000Z,"Aku rasa barat hidup dalam kemunafikan.

Segala hal dipandang dari pertimbangan etis, sains dikesampingkan. kita liat LGBT isunya berkembang di era ini, oversize model, trs perenang transgender dari laki ke perempuan dan akhirnya dia jadi rank 1. Semua itu pandangan etis.",0,0,0
ichsan ardi,@IchsanArdi,2024-07-26T23:45:12.000Z,"Yg satu pegiat LGBT, yg satu Atheis.. Complete dah",0,0,0
Kocu Badag,@naminatakumi27,2024-07-26T23:44:27.000Z,Jadi kurang rispeck liat video oliver ngibarin bendera Lgbt anjinkkkk,0,0,0
FuckTheWorldAndI'mGoingAgainstIt,@erchrasyidvint,2024-07-26T23:42:45.000Z,"Kalo ada yang peduli, itu hipokrit, munafik semua. Di Barat, kegiatan ""Free Palestine"" malah dimanfaatkan buat menyebarkan Agenda LGBT buat kaum LGBT, NegaraÂ² Arab juga gak peduli dan lebih memilih hubungan diplomatik ama Israel. Face The Truth Before You Spread It.",0,0,0
Fen,@bukan_penghibur,2024-07-26T23:26:11.000Z,"Acara buat para....

Kaum LGBT
Kaum Satanic
Kaum pedofilia
Kaum sekuler garis keras
Kaum anti christ

Mana itu biji ama pler sengaja di kasih liat lagi  dan kalo masih ada yang bilang ini acara keren kejiwaannya perlu di cek siapa tau dia pedofilia.",0,0,0
Frankenstein,@mrduatiga,2024-07-26T23:25:19.000Z,"Pedofil , satanic, LGBT semua d campur",0,0,0
@AKF245,@AKF245,2024-07-26T23:25:16.000Z,"Ya ampun pada g sadar apah, olimpiade paris itu simbol SATANIC semua? Dari simbolis perjamuan terakhir yg d isi trans women dan kaum LGBT. 
Warna merah yg nyimbolin iblis semua. Worst olympics ever!",0,0,0
rudestrong,@rudestrong,2024-07-26T23:21:27.000Z,"Parah olimpiade tahun ini 
Masak kepercayaan Kristen diganti sama orang LGBT 

Parah parah",0,0,0
SW News - SOFT WAR NEWS,@SoftWarNews,2024-07-26T23:21:23.000Z," Upacara pembukaan Olimpiade 2024 menampilkan peragaan ulang ""Perjamuan Terakhir Yesus"" oleh para LGBT.

Seperti inilah ""nilai-nilai demokrasi"" di Eropa saat ini, yang memaksakan sampah globalis yang dipuja oleh seluruh dunia politik di wilayah ini.",0,0,0
daisy,@daisyluev,2024-07-26T23:11:48.000Z,udah gila. lgbt terossss ni negara. disgusting woke agenda,0,0,0
zurui,@zyvest_,2024-07-26T23:10:21.000Z,kaya promosiin lgbt ngasih(?),0,0,0
Laâ€™Flexico,@TBELaFlexico,2024-07-26T23:06:59.000Z,LGBT/K,0,0,0
Dony Herdiansyah,@HerdiansyahDony,2024-07-26T23:06:05.000Z,Saya menyesal bela2 in mau liat momen sakral d setiap opening ceremony yg ada pertunjukan LGBT...d tambah mau lihat parade kontingem IndonesiA ga keliatan banget berlomba dgn tayangan iklan sponsor SCTV...garing...,0,0,0
__.este.__,@este_krs,2024-07-26T23:04:51.000Z,Ftg la LGBT,0,0,0
Paan_kÃ¼n 16,@farhanaliff77,2024-07-26T23:03:42.000Z,"Banyak sgt unsur lgbt dalam opening ni, elok lagi opening tahun 90an",0,0,0
il'han,@ilhan_ri,2024-07-26T23:02:07.000Z,lgbt,0,0,0
Rossy-RD,@RossFanNovelEyJ,2024-07-26T22:56:01.000Z,"#LGBTQI 
LGBT 
#OpeningCeremony #Paris2024 #Olympic2024 #Francia #JuegosOlÃ­mpicosParÃ­s2024",0,0,0
COVIDSHOW,@Covidshow,2024-07-26T22:48:51.000Z,"Jebac trans, jebac Lgbt",0,0,0
Cocoo,@Cocoyaa3,2024-07-26T22:45:48.000Z,Benerr. Harusnya mah dari podcast viral soal lgbt itu ga usah di naikin lg dianya. Makin gedeg aja org2 begini,0,0,0
Yudha harum,@Yudha39787637,2024-07-26T22:45:12.000Z,Agama wibu melarang LGBT pada para npc karena bisa menggangu kekuasaan bagi yang melanggar bakal dihukum pancung ,0,0,0
kingistan,@Alexis_x123,2024-07-26T22:44:12.000Z,LGBT sponsoru resmen,0,0,0
Ozz,@ozyy1234,2024-07-26T22:39:45.000Z,Lgbt olimpics?,0,0,0
iindpr,@xia_ndra,2024-07-26T22:38:19.000Z,"Nanti parade LGBT, satanisme lagi gaakk",0,0,0
George_underbelly,@Georgeunderbel1,2024-07-26T22:37:37.000Z,LGBT.,0,0,0
c s r . e c a ì—ì°¨.ã‚¨ãƒãƒ£,@ecaesarp,2024-07-26T22:37:05.000Z,"Iya, yang lukis orang Italia, lukisannya ada di Italia, inspirasi lukisannya sendiri berasal dari Alkitab saat Yesus melakukan Perjamuan Terakhir bersama murid-murid-Nya, salah satu momen penting dalam Kekristenan.. diparodiin kaum LGBT/woke, hub. sama Prancis apaan?",0,0,0
Ozz,@ozyy1234,2024-07-26T22:37:01.000Z,Lgbt olimpics?,0,0,0
immora,@HiMorana20,2024-07-26T22:31:53.000Z,Semangaat olahraganya ga ada malah kaya promosi lgbt dng konswp satanis...the worst opening ceremony ever,0,0,0
carlos,@caortizr,2024-07-26T22:31:00.000Z,El peor â€¦ solo basura LGBT,0,0,0
Tomasz,@Tomasz3,2024-07-26T22:30:57.000Z,Lgbt to rasa ?,0,0,0
messie_yhwh33,@pepe_thefrog7,2024-07-26T22:25:45.000Z,ABAT la propagande LGBT,0,0,0
Yohann Vaunac,@YVaunac79615,2024-07-26T22:02:45.000Z,Abat la propagande lgbt,0,0,0
ãƒ•ãƒ©ãƒ³ã‚¹å›½æ°‘å›½ãƒãƒ‹ã‚¢ï¼ˆå¾©è®å”å®šï¼‰,@ka4016923814193,2024-07-26T21:59:57.000Z,ï¼¬ï¼§ï¼¢ï¼´,0,0,0
Ataclown,@akdenizliata,2024-07-26T21:59:45.000Z,Lgbt diye bisey yok,0,0,0
Rubin Steiner,@RUBIN_STEINER,2024-07-26T21:55:05.000Z,Aya + Katerine + la bamboche LGBT = ,0,0,0
Yohann Vaunac,@YVaunac79615,2024-07-26T21:54:07.000Z,Abat la propagande lgbt,0,0,0
Ãœmran Usta,@Toxicant1977,2024-07-26T21:52:17.000Z,Tolerans felan ok ama bu LGBT bir Din oldu artik nedir bu ya hu!,0,0,0
Yohann Vaunac,@YVaunac79615,2024-07-26T21:51:06.000Z,Abat la propagande lgbt,0,0,0
Yohann Vaunac,@YVaunac79615,2024-07-26T21:50:39.000Z,Abat la propagande lgbt,0,0,0
Yohann Vaunac,@YVaunac79615,2024-07-26T21:49:19.000Z,Abat la propagande lgbt,0,0,0
Yohann Vaunac,@YVaunac79615,2024-07-26T21:48:55.000Z,Abat la propagande lgbt,0,0,0
Yohann Vaunac,@YVaunac79615,2024-07-26T21:48:19.000Z,Abat la propagande lgbt,0,0,0
Fen,@bukan_penghibur,2024-07-26T21:48:06.000Z,Ini contoh kaum LGBT kalo di kasih ruang  indonesia juga mulai ngikut nih banyak yg udh mewajarkan bencong2 ama lesbi apa lagi di tiktok bejibun  hari ini masih kristen besok2 pasti yg di senggol islam karna salah satu agama yg paling vokal anti LGBT.,0,0,0
Yohann Vaunac,@YVaunac79615,2024-07-26T21:48:03.000Z,Abat la propagande lgbt,0,0,0
paweÅ‚ Kiljan Szukam fajnej Przyjaciuki i coÅ› wiec,@PaweKiljan76,2024-07-26T21:46:36.000Z,LGBT,0,0,0
Yohann Vaunac,@YVaunac79615,2024-07-26T21:45:58.000Z,Abat la propagande LGBT,0,0,0
Ã–mer SAÃ‡,@BupBup00,2024-07-26T20:55:32.000Z,Biz burdan devam lgbt seni,0,0,0
Yohann Vaunac,@YVaunac79615,2024-07-26T20:51:52.000Z,Abat la propagande lgbt,0,0,0
Cynique 92,@Cynique92,2024-07-26T20:51:19.000Z,LGBT+,0,0,0
Yohann Vaunac,@YVaunac79615,2024-07-26T20:48:29.000Z,Abat la propagande lgbt,0,0,0
AB,@AlsoAB7,2024-07-26T20:47:00.000Z,Sokucam bu lgbt propagandasina yeter ya,0,0,0
th,@btcshsopps,2024-07-26T20:46:11.000Z,Indah G selalu support trans/lgbt ppl yang mana masuk ke arah â€œkemanusiaanâ€ but why she mocking Palestinians? Kan sama2 harusnya kemanusiaan. Gedek banget sumpah,0,0,0
Yohann Vaunac,@YVaunac79615,2024-07-26T20:43:50.000Z,Abat la propagande lgbt,0,0,0
Batuhan Burgul,@BurgulBatu80381,2024-07-26T20:41:08.000Z,Lgbt ,0,0,0
Aleks,@alradrad,2024-07-26T20:40:11.000Z,Malo LGBT,0,0,0
Yohann Vaunac,@YVaunac79615,2024-07-26T20:38:31.000Z,Abat la propagande lgbt,0,0,0
aminah,@asriprabasari,2024-07-26T20:37:26.000Z,"bisa cekikikan karena selebtwit, tolong yaaa, kita bedaaa, wkwkwk 
Emang jalan sepi, ya. Jadi muslimah (masih pegang syariat), pro feminisme, pro LGBT+ ",0,0,0
arrabella bella,@ArrabellaBella,2024-07-26T20:35:36.000Z,Takde 1 pn show yg memorable dlm #OpeningCeremony #Paris2024 tersangat la biasa. Dan penuh dgn dancing LGBT. Takde yg wow pn. Bajet 8billion habis mcm tu je.?,0,0,0
Yohann Vaunac,@YVaunac79615,2024-07-26T20:30:16.000Z,Abat la propagande LGBT,0,0,0
apa yaa,@absltlyy,2024-07-26T20:29:41.000Z,"Bela lgbt aja lu paling depan, giliran masalah humanity malah dijadiin bahan candaan. Shame on you",0,0,0
Trumpof Norway,@Roger_Dyroy,2024-07-26T20:18:20.000Z,LGBT + islam ,0,0,0
Yohann Vaunac,@YVaunac79615,2024-07-26T20:16:38.000Z,Abat la propagande lgbt,0,0,0
Yohann Vaunac,@YVaunac79615,2024-07-26T20:15:19.000Z,Abat la propagande lgbt,0,0,0
á´‹á´‡É´sÊœÉªÉ´ ÊœÉªá´á´œÊ€á´€,@himura_1188,2024-07-26T20:12:51.000Z,Opening ceremony macam sial pakai lawa2 last2  duduk atas kapal baik pakai baju jersey midin je pastu dengan bnyak tarian lgbt bodo punya penganjur #OlympicGames  #teammalaysia #fuckisrael,0,0,0
Yohann Vaunac,@YVaunac79615,2024-07-26T20:11:50.000Z,Abat la propagande lgbt,0,0,0
Not_Visitng,@TRexTinyarms,2024-07-26T20:11:07.000Z,LGBT,0,0,0
Yohann Vaunac,@YVaunac79615,2024-07-26T20:10:59.000Z,Abat la propagande lgbt,0,0,0
Mohsin Masood,@mohsinmasud,2024-07-26T20:10:12.000Z,Dunya bhar ki saari gundi cheezain France ne dikhayi hain aaj... Including LGBT,0,0,0
aiman,@aimananuarf,2024-07-26T20:09:11.000Z,"Dah la opening olympic ni tak best, RTM pergi cut pulak scene2 cium dgn lgbt hahahaha",0,0,0
Sapikâ€™s,@syfk_s,2024-07-26T20:08:31.000Z,"ni nak tunjuk opening sukan ke nak promote LGBT, terang2 selamba bapak dia je 
#Olympic2024",0,0,0
Romuald,@pvcine,2024-07-26T20:08:26.000Z,Leur propa lgbt dâ€™merde,0,0,0
arrabella bella,@ArrabellaBella,2024-07-26T20:08:19.000Z,"Teruk gila weh, ni sukan kot bkn tmpt nk promote budaya songsang dgn lgbt queen nya. Dh lari jauh dari tema kesukanan ni. GILA!  #Paris2024",0,0,0
Yohann Vaunac,@YVaunac79615,2024-07-26T20:07:20.000Z,Abat la propagande lgbt,0,0,0
Chaisqcestpire,@Chaisqcestpire,2024-07-26T20:07:11.000Z,LGBT+,0,0,0
Henry Kabyle,@TheSam17,2024-07-26T20:06:08.000Z,La banlieue lgbt+ ,0,0,0
Nikolas,@nikolas_devs,2024-07-26T20:03:43.000Z,olimpiadi lgbt,0,0,0
gaah | RIIZE IS 7 !!,@hanipaulista,2024-07-26T20:03:27.000Z,lgbt,0,0,0
Waqar,@newsaddictx,2024-07-26T20:03:25.000Z,"Full HD main dekhni thi ceremony, full LGBT main dekh raha hoon",0,0,0
KÃ¼rboÄŸa,@Krboa4,2024-07-26T20:03:10.000Z,"#Paris2024 http://olimpiyathup.com/kategori/ lgbt,uzun atlama, cirit atma, ...",0,0,0
ğ…ğšğ­ğ¢ğ¡ ğğ®ğ­ğğ«ğš,@Fatihputera12,2024-07-26T20:03:03.000Z,Opening ceremony olimpiade Paris malah banyak iklan LGBT anjing .,0,0,0
arrabella bella,@ArrabellaBella,2024-07-26T20:01:54.000Z,LGBT PRIDE KE apa ni???!!! #Paris2024,0,0,0
Sinan Aslan,@sinanaslan_10,2024-07-26T20:01:37.000Z,Bunlaarrr... LGBT'ci...!!! ,0,0,0
arrabella bella,@ArrabellaBella,2024-07-26T20:01:08.000Z,Diorg ni xde budaya ke? Menari pattern sama je dari td. Dh la tak habis habis promote LGBT.  #Paris2024,0,0,0
axis,@ohaxis_,2024-07-26T19:59:14.000Z,lgbt badboyhalo,0,0,0
Hicksail,@hicksail,2024-07-26T19:59:07.000Z,LGBT,0,0,0
iskocksk,@iskocksk,2024-07-26T19:58:18.000Z,Ä°nsan utaniyor resmi lgbt olipiyatlari,0,0,0
oke shoff,@shofff_aja,2024-07-26T19:58:16.000Z,olimpiade isine mek propaganda lgbt fak lahhh,0,0,0
mochi strawberry,@nomeynye,2024-07-26T19:58:16.000Z,olympic kali ni nak promote lgbt kerr,0,0,0
Oray Bilge Unal,@oraybunal,2024-07-26T19:47:33.000Z,LGBT'leri kesemedilerya,0,0,0
Negara milik lanister,@Valar_morghuli5,2024-07-26T19:34:01.000Z,Apalagi pake diselipi kampanye LGBT .bukan membenci.tapi ini acara olahraga .gak tepat .tidak ada korelasinya.,0,0,0
Muzaffer Ilter,@mzfilter,2024-07-26T19:31:59.000Z,Eurovision yayinlamayan trtye olimpiyat acilisinda lgbt / non binary soku  #Olympics #trt,0,0,0
Dee Lana,@UnnaDelana,2024-07-26T19:27:10.000Z,"Menyampah dengan drag queen nya, lgbt nyaaa. Pening kepala tngk.  #Olympic2024 #OlympicGames  #OlympicMAS #Olympics2024Paris",0,0,0
tjen a ling,@pesternomy,2024-07-26T19:24:52.000Z,lu islam tapi feminist ama pro lgbt aja udah aneh,0,0,0
MAS pipe,@ArzSay,2024-07-26T19:24:46.000Z,TRT'de mecburi LGBT  #Paris2024,0,0,0
idc,@nfn1996,2024-07-26T19:23:03.000Z,"Mende laa banyak tunjuk unsur2 LGBT  
#OpeningCeremony",0,0,0
arrabella bella,@ArrabellaBella,2024-07-26T19:22:22.000Z,Menatang apa plak ni!! Geng pondan lgbt gays lesbian semua keluar ni. Eiiii!!! WORST CEREMONY!!!! #OpeningCeremony #paris2024,0,0,0
MDS_4151,@DosMaryan,2024-07-26T19:07:33.000Z,LGBT,0,0,0
ì‹ ,@silverhann_,2024-07-26T19:05:21.000Z,Iyaaa tdi baca di teel yg di iklan ada unsur lgbt ,0,0,0
Mr. Kwaku Dankwa-Yeboah,@1politicalguru,2024-07-26T19:05:06.000Z,Lgbt foÉ” ne gyimie,0,0,0
lumina,@lehyunaa,2024-07-26T19:00:19.000Z,Tiber lgbt mcm bodo je hahahahahaha tak professional langsung,0,0,0
H^fiz^n ^hm^dâ„¢,@SameonKesepian,2024-07-26T18:59:31.000Z,"ni bukan pertandingan sukan air kolej kediaman..huru hara prsembhan xtau mna nk fokus,dgn org bwk obor ye berlari xhabis2  dgn prsmbhan dkt libry ada selit lgbt..yg bagus ye skrg bila ngra isr tu kluar cameraman xtnjuk..tu je bgus #OpeningCeremony",0,0,0
nonsane,@thoughtsofLM,2024-07-26T18:38:52.000Z,ratazana lgbt,0,0,0
Kardus,@damiu_21,2024-07-26T18:38:38.000Z,LGBT,0,0,0
bukan maia.,@MaiaMieyaa_,2024-07-26T18:37:36.000Z,Olimpik lgbt cok maleh ah sapot.,0,0,0
SNHi,@snh7710,2024-07-26T18:32:02.000Z,Olimpik paris paling lgbt sekali. Dah laa bertabur. Akan dikenang sebagai pembukaan olimpik paling teruk. Sekian. #Paris2024,0,0,0
Ê•â€¢ï»Œâ€¢Ê”,@nikifdh,2024-07-26T18:31:00.000Z,Nak juga selit lgbt ek opening ,0,0,0
Nunu î¨€,@itsmenfa,2024-07-26T18:29:56.000Z,"shame on you, Indah G and Coki Pardede. tp memang kalian cocok ngakak tanpa empati semeja. pendukung dan pelaku LGBT, yall disgusting.",0,0,0
meer,@meerrushd,2024-07-26T18:26:53.000Z,"otakkk dia opening paris ni???? dah la hambar + hodoh mcm england main, 80% performance laki joget, nak sangat tunjuk CiTy oF LoVe tu sampai promote lgbt takleh obvious lagi kee??",0,0,0
veritas_rcc,@rcc_veritas,2024-07-26T18:26:10.000Z,Won z dewiantami i pedofilami lgbt,0,0,0
uulbiasaaja,@UulRahman2,2024-07-26T18:26:01.000Z,Taii lagi seru seru nnton opening ceremony malah ada adegan lgbt fakk,0,0,0
scott,@rexxburner,2024-07-26T18:26:00.000Z,Opening Ceremony Olimpiade Paris 2024 promosi LGBT bjirr. Negara2 yang anti-LGBT pasti ga expect kalo ada scene ciuman gay & bisex wkwk,0,0,0
oxalate,@_luciouslawliet,2024-07-26T18:25:53.000Z,padahal ada isu kemanusiaan yg lebih penting tapi sebergengsi olympic pun malah campaign LGBT,0,0,0
Patricia,@plivestrong,2024-07-26T18:25:51.000Z,Mamita el lobby lgbt,0,0,0
tsayy,@kutgerl,2024-07-26T18:25:37.000Z,Bangke udh kek promosi lgbt,0,0,0
biazocaâ´,@dollbbia,2024-07-26T18:25:37.000Z,KWKWKWKKWKWKW DE UM LADO OS LGBT E DO OUTRK OS MILITARES MIJEI,0,0,0
Fortnight | A F I F A H,@afifahalss,2024-07-26T18:25:11.000Z,"vidio skip adegan lgbt di opening ceremony olympic pake iklan, respect",0,0,0
faisal andreas,@AndreasFai30953,2024-07-26T18:23:44.000Z,"Menjijikan bgt ada pesan LGBT di opening ceremony olmpiade...
Opening tersampah...yg pernah gw liat",0,0,0
Soso,@SafsafG16,2024-07-26T18:23:38.000Z,LGBT++,0,0,0
youngblood,@tomorrowbenice,2024-07-26T18:23:19.000Z,Kayak scene lgbt gitu ya tadi,0,0,0
Ryoäº®,@yoofrnza,2024-07-26T18:23:13.000Z,kuat kali ini kampanye lgbt nya opening ceremony olympic ini anjir lah,0,0,0
si,@jamxxan,2024-07-26T18:23:08.000Z,"The f opening olympic ni, orang pakai tudung kau tak kasik, lgbt kau kasik",0,0,0
arrabella bella,@ArrabellaBella,2024-07-26T18:22:58.000Z,Konsep PARIS IN LOVE tu utk raikan LGBT ke? Hmmmm. Benci pulak tgk konsep cmni #Paris2024 #OpeningCeremony,0,0,0
ely,@lilbbyely,2024-07-26T18:22:57.000Z,hahahah aku nk tergelak je dgn pengulas astro arena Ahahahh sbb terang terang tu lgbt dorg cm terkedu nk ulas apa HAHAHAH,0,0,0
Warga Komplek,@faisalrosanto,2024-07-26T18:22:54.000Z,anti lgbt apa nggak ketrigger nonton pembukaan olimpiade paris,0,0,0
youngblood,@tomorrowbenice,2024-07-26T18:22:52.000Z,Eh itu tadi scene lgbt nggak sih? Pelangi2 tadi,0,0,0
J. robert oppenrackness,@rackers6,2024-07-26T18:22:49.000Z,Apa babi opening pun dok bercium2 olimpik ni  lgbt kuat mat,0,0,0
Muhammad Andika,@AndikaDika_25,2024-07-26T18:22:47.000Z,Opening ceremony Olympics banyak bgt unsur LGBT nya ,0,0,0
Jokowi Fans JB,@PahlawanModen,2024-07-26T18:22:44.000Z,Bangang promote LGBT,0,0,0
SzobosZULai,@zultion,2024-07-26T18:22:23.000Z,Promote lgbt ke tu,0,0,0
Sanz,@welkamtosanz,2024-07-26T18:22:18.000Z,Wtf?!! Lgbt propaganda pun ada di opening olympic? Edann,0,0,0
Taphisco,@Taphisco21,2024-07-26T18:22:16.000Z,Sarap khoni LGBT yii rek,0,0,0
,@cpricornnn09,2024-07-26T18:22:10.000Z,GELI BANGET NNTON OPENING OLIMPIADE. ketara bgt menormalisasi unsur LGBT nya bener2 uda terang2an bgt tcuy,0,0,0
Stuxyy,@stuxyyyy,2024-07-26T18:22:10.000Z,"@Daphne_Burki01
 stop ta propagande LGBT la #paris2024",0,0,0
zuu,@winkeuw1n,2024-07-26T18:22:08.000Z,OPENING CEREMONY PALING BANGANG PERNAH TNGOK. LGBT??? DEFAKKKK MANA PART KESUKANAN TU SIALLL,0,0,0
AmnSyfq,@amnsyfq__,2024-07-26T18:22:04.000Z,Apa sial lah Olimpik pun nak ketengahkan LGBT.,0,0,0
Anassaif,@anassaifuddin,2024-07-26T18:22:03.000Z,Amende masuk elemen LGBT pulak tiba tiba.,0,0,0
ìœ ë”” ì°¬ë“œë¼,@yudichann,2024-07-26T18:21:58.000Z,Kampanye LGBT ieu olimpiade,0,0,0
King.J Faiyaz,@La_TFDV,2024-07-26T18:19:48.000Z,Ehhhh ba lgbt bo bimi biennnn #ceremonieouverture,0,0,0
Paulo Cunha,@velhonarede,2024-07-26T18:16:09.000Z,Miss Brasil LGBT ???,0,0,0
MAT EKMAL,@MuhdEkmal,2024-07-26T18:11:03.000Z,Pembukaan olimpik LGBT ,0,0,0
FUCK YOU LGBT,@alfian_warsito,2024-07-26T18:06:26.000Z,Wingi meh join Bobotoh tapi syarat e kudu rasis dadi Ra sido,0,0,0
Oca,@Ocareareo,2024-07-26T18:05:34.000Z,"Bisa ya dia teriak"" menyuarakan ham lgbt, tpi ngetawain genosida. Gakberes. Suster tolong kerangkeng org ini.",0,0,0
nnshzzh,@lattehazell,2024-07-26T18:03:43.000Z,"Emang setan si mereka berdua, caper bgt lagi bawa2 isu genosida, lgbt dan penyimpangan2 yg pokoknya bertentangan ama islam, beuh kalo udh ngomongin gitu getol bgt mereka. Kek gaada konten lain kah mereka",0,0,0
lgbt qi a menos,@mateusdtr,2024-07-26T17:49:18.000Z,GAGAAAAAAA #Paris2024,0,0,0
ã…‹ã…‹,@everydayworkd,2024-07-26T17:30:41.000Z,si indah mah emg nyari center. kiblat dia kebarat baratan makannya dia pro kesana. baru kemaren bahas lgbt aja udh di goreng ini lu bahas genosida indah.. Indah ,0,0,0
fleur,@delacoevr,2024-07-26T17:29:45.000Z,Habis sjw lgbt terbitlah sjw joki.,0,0,0
Mwas,@NjoguNjogu10,2024-07-26T17:16:00.000Z,Unakua obsessed na tweep uku X then mkipatana unakuta ni ndume na ashakula fare .... LGBT.. frauds,0,0,0
WeStand United,@USR_MV,2024-07-26T17:05:23.000Z,Haadha LGBT e dhw ,0,0,0
suriati abdul kadir,@AbdulSuriati,2024-07-26T17:05:12.000Z,"Aku tidak tahu macam mana peminat LGBT boleh sokong perempuan ini,.. hakikatnya dia duduk hina macam macam pasal ini...dah la tiru satu persatu cara freen dari segi lakonan, #srchafreen dia nak sangat rampas kedudukan freen, dia dengan budak itu sebiji tiru Becky #freenbecky",0,0,0
Grammy hoax Grammy abal-abal,@AbalHoax31769,2024-07-26T17:01:55.000Z,Nggak kaya agnezmo yang cuman bisa bikin album ujung-ujungnya flop cuman sebatas waria pantura yang ramein abis itu di lupain sama pasukan homo LGBT yang pusatnya di agnecong,0,0,0
Diki,@dikignwn,2024-07-26T16:57:58.000Z,"Wow kelompok LGBT+ terutama transpuan yg didiskriminasi dan persekusi sama semua lapisan masyarakat, yang power gap nya ibarat langit dan bumi masih dibilang gak ada relasi kuasa. Just amazing.

Atau mungkin saya salah pengertian soal relasi kuasa. Please enlighten me.",0,0,0
Nama sesuai akte,@Tackcalbmi,2024-07-26T16:57:57.000Z,Btw kenapa ada para pelaku LGBT gt yg masih percaya sama Tuhan dan masih ibadah ya? Bukannya perilaku mereka itu udah menyalahi aturan Tuhan sendiri ya. Apa aturannya maunya pilihÂ² sesuai sama kehendak hati,0,0,0
alfÃ¡n,@librafolk,2024-07-26T16:54:27.000Z,fyi queers gak ada yg suka dia apalagi pas dia sok sokan bahas lgbt padahal dia bukan siapa siapa di ranahnya  come again with a better drag,0,0,0
grumpy,@grumpy_nsalty,2024-07-26T16:53:41.000Z,"Ya salah kalo mengartikan feminismenya menyelesihi syariat, melegalkan LGBT dan menormalisasi transgender.",0,0,0
Ain'tnice Boozewithdone,@Boixos_Nois99,2024-07-26T16:53:32.000Z,Dua manusia sok asik n sok dark jokes bikin jijik dengan bersikap sok2 nirempati! Dasar LGBT kontol lo ber 2!,0,0,0
Xoshimjon,@xosh1mjon,2024-07-26T16:49:36.000Z,OÊ»zimga Kanada yoqadi leki choÊ»tki negativ keldi aytib ketay: bu pasport rangli ekan u LGBT,0,0,0
maya,@snflwrfld,2024-07-26T16:34:32.000Z,"That ""mengandung adegan seksual dan lgbt""  ",0,0,0
Pedrolla,@goronyanana,2024-07-26T16:30:32.000Z,lgbt,0,0,0
hayaluna Şƒ,@hayaluna444,2024-07-26T16:30:24.000Z,LGBT BASICISI?,0,0,0
aqien mu,@aqienmu,2024-07-26T16:29:18.000Z,"selama orang-orang religius konservatif masih berpandangan ""pokoknya di agama lgbt nggak boleh dosa harus pada tobat balik ke jalan yang benar"" menurut gue selama itu juga akan susah untuk teman-teman queer menjalankan aktivitas agama mereka",0,0,0
Suka Rebahan,@jwooamb,2024-07-26T16:28:19.000Z,"Apa yang mau diharapkan sama dua orang yang problematik? Yang satu Kasus narkoba, satunya lagi tolol ngajak debat ustad tentang lgbt",0,0,0
Bulan_Sabit,@BulanSabit_1485,2024-07-26T16:28:18.000Z,Ada juga cewek dan cewek... Emang ya LGBT tuh berusaha banget mendekatkan diri,0,0,0
GerZ,@GerZ667,2024-07-26T16:26:15.000Z,"Blm, LGBT, covid, 9/11, Israel.",0,0,0
Marcin Chrobak,@panzertoter,2024-07-26T16:22:41.000Z,LGBT to rasa? ,0,0,0
Chanel Oposisi Indonesia,@Simbok_Dharmi,2024-07-26T16:21:29.000Z,"78 % terjangkit penyakit menular, 5 % putus sekolah, 28 % dipaksa putus sekolah. Secara psikologis, pelaku LGBT merasa tidak tenang, gelisah dihadapkan pada dilema antara ingin sembuh dan bertahan pada perilakunya, mempunyai keinginan untuk sembuh tetapi tidak kunjung berhasil",0,0,0
ashanaaa,@ashanaabel,2024-07-26T16:18:26.000Z,"tapi aku heran bgt loh, kenapa ya kaum LGBT maksa bgt minta di ngertiin?. kalian tuh menyalahi kodrat pliss. tapi emg susah nyadarin org LGBT, emg batu begitu",0,0,0
Name Cannot be Empty,@Lets_Me_Check,2024-07-26T16:18:24.000Z,"Dia dapat surga dunia, bisa mabuk, bisa bunuh orang, bisa judi, bisa LGBT, dll.
Dosanya dah diborong sama si lesus cawetan... ",0,0,0
,@iyeesayang,2024-07-26T16:16:50.000Z,Ya masa ngedukung lgbt bjir wkkw,0,0,0
aposanon,@anonapostate,2024-07-26T16:13:23.000Z,Cuap2 anti LGBT padahal buat nutupin bobrok.,0,0,0
jan kowalski,@niewypal,2024-07-26T16:11:48.000Z,PRIMUS INTER LGBT,0,0,0
Mas Shoim,@shoimkurniawan,2024-07-26T16:03:58.000Z,Kekuatan militer Israel tinggal berapa? Melawan Hamas saja hrs menurunkan tentara wanita apakah LGBT jg akan dikerahkan melawan Hizbullah?,0,0,0
Danganronpa Anything Bot,@AnythingDangan,2024-07-26T16:00:09.000Z,Sakura Ogami is the CEO of LGBT!,0,0,0
Mattheas J.,@MattheasJ,2024-07-26T15:58:20.000Z,LGBT+Pedohiles,0,0,0
RANDOM MENFESS,@rmfsid,2024-07-26T15:47:46.000Z,"she's said ""masyaallah, astaghfirullah,ya Allah"" but she's lgbt. iwh #fun â€“ #menfess",0,0,0
Jas (@ESDFREGG),Jas (@ESDFREGG),2024-07-26T15:45:59.000Z,"5 artis yg paling lgbt:
1. Maya",0,0,0
ndoz,@firdaus_00,2024-07-26T15:45:45.000Z,Pendukung lgbt,0,0,0
votojenique_,@votojenique_,2024-07-26T15:36:02.000Z,Bukankah mereka-mereka itu super duper sangat sangat sangat anti LGBT stadium IV,0,0,0
Wisata Djogja,@wisatadjogjacom,2024-07-26T15:32:37.000Z,"1 tulisan 4 pandangan wanita muda atau para penonton disini ..

Tulisan lengkap = https://m.facebook.com/story.php?id=61552960111506&story_fbid=122154221570098670â€¦

#Paris2024 #pisang #nahan #initialT #GISELLEXLOEWE #JANGANYADEKYA #MyLoveMixUpTHep8 #G2GRetinolMoist #nyetir #flexcam #abang #lgbt #linglingkwong #Israel #Trump #Nabil",0,0,0
biru á®˜á®¤á®›á®¥,@ipoprules,2024-07-26T15:30:04.000Z,"kuwarnai tanganmu yang mati biar kau liat dunia tak lagi menyakiti.
dan kubisikkan asal kau tau bagaimana, rasanya bahagia sepenuhnya sampai ku merasa lega, kau merasa lega. kusampai di sana, kau sampai disana.

INDONESIA RAMAH LGBT SECEPATNYA, SEGERA, BESOK, SEMENIT ABIS INI",0,0,0
marvel!,@musangmandi,2024-07-26T15:27:38.000Z,ya gakbisa dong km pilih-pilih gitu... gl dan futa kan tetep masuk lgbt :D lu suka lesbi tp gaksuka gay tuh maksudnya gimanalho,0,0,0
alfatih@,alfatih@,2024-07-26T15:26:47.000Z,"""Ustad"" LGBT mana ada ajaran LGBT dalam Islam .. ?",0,0,0
paopao dragon â™•,@indomeyeah,2024-07-26T15:25:41.000Z,MAAF GUYSS AKU LUPA BILANG KALO AKUN KU LGBT FRIENDLY JADI BUAT YANG HOMOPHOBIC MAAF KU SKIP YEAH ,0,0,0
rhaenyra targaryen,@tktwinflame,2024-07-26T15:22:02.000Z,kok lawak bgt dia ngatain lu penyepong lgbt tapi dia jikuker ,0,0,0
biru á®˜á®¤á®›á®¥,@ipoprules,2024-07-26T15:19:07.000Z,INDONESIA RAMAH LGBT 2025 tidak salah juga.,0,0,0
blurry,@fleaabagz,2024-07-26T15:14:12.000Z,"di indo tuh liberalist pasti akan dpt penolakan, kebanyakan dr right wing. kek gitasav dulu sempet kontroversial krn supporting lgbt dan childfree sementara dia berhijab. tpi kasus indah g nih left sm right wing ngehate dia semua jir. emg org gapunya pendirian",0,0,0
biru á®˜á®¤á®›á®¥,@ipoprules,2024-07-26T15:14:01.000Z,gue nangis sesenggukan dengerin lagu perang telah usai kek... â€œperang telah usai. kubaringkan panah dan berteriak 'menang!'â€??? INDONESIA RAMAH LGBT 2045 SAYA KATAKAN APA YANG HARUS KATAKAN.,0,0,0
fleur,@delacoevr,2024-07-26T15:09:56.000Z,"Berapa hari rameÂ² lgbt dan akun ini salah satu akun yg waras 

Mana banyak bgt energinya aku cuma baca sekilas salah satu komen aja lgsg ga buka twt berhariÂ² krn capek bgt grgr emosi ",0,0,0
Mantap bro!!,@shafiezaimy,2024-07-26T15:08:45.000Z,"Itu namanya jatidiri.. Ko ada jatidiri x...
Dgn flag lgbt lg... Hmmm lahanat betul perangai",0,0,0
ashanaaa,@ashanaabel,2024-07-26T15:08:01.000Z,LGBT kalo dia,0,0,0
Repvblik Telaco,@RukkaDaeng,2024-07-26T15:07:26.000Z,Anjing2 LGBT seperti inilah yg membuat orang2 tua jadi ragu menyekolahkan anak2 mereka di pesantren,0,0,0
Paijo Lemu,@lemu_paijo17589,2024-07-26T15:04:30.000Z,"terserah kalian, mau log out atau g. tapi Islam tegas dan jelas: LGBT bertobat, kembali ke fitrahnya, bersabar tahan nafsu dan gejolak hatinya, perbanyak ibadah, sampai mati. dah. selamat dunia akhirat. obat itu pahit. tinggal Anda, percaya atau nggak sama agama Islam",0,0,0
Riki áµ‰á¶œáµ‡,@RKWSIXX,2024-07-26T15:03:01.000Z,LGBT ,0,0,0
mirrorball â€,@yupipiuw,2024-07-26T14:57:15.000Z,"eh serius deh kalau ngomongin indah g ini pasti gaada habisnya karna emg konten podcastnya tuh agama, lgbt (banyak). jadi mending akun dan kontennya itu jangan ada yg nonton+dibuat rame. nih cewe gila gaada habisnya. jauh2 lu kuliah ke LN tp topic ur podcast itu2 aja.",0,0,0
ndoro ratu,@kaldoobabi,2024-07-26T14:55:03.000Z,"kalo kena azab nanti yg disalahin kaum lgbt & sex bebas, padahal mah",0,0,0
Ø¨Ù† Ø¨ÙˆØ«ÙˆØ±,@gadoorz,2024-07-26T14:53:07.000Z,LGBT ,0,0,0
Miru.,@mirukushiroi,2024-07-26T14:49:32.000Z,"kalo ada yg ketemu indah dimanapun, tolong jambakin aja kepalanya isi otak die cuma sex bebas sama lgbt",0,0,0
OGB~,@OfficialHarith,2024-07-26T14:47:00.000Z,Mane mane yg ade flag lgbt semua mmg dh tak betul.,0,0,0
Lavender,@Lavender198709,2024-07-26T14:42:20.000Z,Ada kasus LGBT di Salah satu pesantren di Sumatera Barat oleh oknum guru. Korbannya banyak santri. Ngeri banget ,0,0,0
BatMan,@fasillone05,2024-07-26T14:35:41.000Z,LGBT ,0,0,0
gigi,@virless_,2024-07-26T14:33:26.000Z,Pertanyaannya yg salah dr tweet gua itu apa? Emang gua memposisikan sbgai non lgbt atau memposisikan sbgi lgbt? Atau apa? Komprehensif lu dalam membaca patut dipertanyakan,0,0,0
Abu Zahra,@FauzulAmin5,2024-07-26T14:30:03.000Z,"Terpaling perjuang LGBT,  terpaling perjuangkan pekerja seks (Pelacur) atas nama ""Hak Asasi Manusia"". Tapi ahli2nya  rata-rata background pendidikan tinggi & kerjaya hebat sama dalam sektor awam/swasta. Ramai juga ahli dalam kalangan mereka adalah orang Islam sendiri.",0,0,0
cloud,@cloudpokefan,2024-07-26T14:24:32.000Z,lgbt,0,0,0
Guncerz,@guncerz,2024-07-26T14:19:58.000Z,LGBT to rasa,0,0,0
giggsy,@gigkeren,2024-07-26T14:07:19.000Z,"apapun yg terjadi kepada hidupku, jauhkanlah dri hal yg mngandung lgbt aamiin",0,0,0
helloliz,@dreamy_lofoten,2024-07-26T14:02:47.000Z,Sorry bukannya menyuarakan anti lgbt* termasuk salah satu amar ma'ruf nahi munkar??? Kok kaya disalahin(?),0,0,0
Pedro,@Chukwumz,2024-07-26T13:59:42.000Z,LGBT,0,0,0
W,@DailyW13,2024-07-26T13:59:34.000Z,"Yg gua heran dia kan lgbt tapi org2 g pernah jelek2kin dia kyk ragil sama saipul yg selalu dibawa2 klo masalah lgbt wkwk, fansnya ttp aja suka ama dia",0,0,0
Beni kurniawan,@Benikurniawan04,2024-07-26T13:58:09.000Z,muslim kok pake bendera lgbt awokawok,0,0,0
nada,@danhengdeadwife,2024-07-26T13:57:41.000Z,"non oomf, banyak lgbt general discord indo kok. klw syafiq exclusive gtw sih",0,0,0
PhÃº Nguyá»…n VÄƒn,@PhNguyn15940369,2024-07-26T13:53:31.000Z,lgbt,0,0,0
jungt.,@xjungt,2024-07-26T13:51:06.000Z,LGBT.,0,0,0
nana_03,@nasuhahanako1,2024-07-26T13:49:37.000Z,Ttttapi lgbt itu salah dalam islam... Ya harus dijelaskan mbak.... Makanya emg lgbtq vs islam krn udh beda banget mana ada islam mengakui hal seperti itu... Dan ttg feminisme hmmm di islam kayaknya gak pernah deh mengenal yg namanya feminis atau patriarki....,0,0,0
××—××“ ×˜××”×¨ ××¡×‘×› | ÜÜšÜ¡Ü• Ü›ÜšÜª ÜÜ£Ü’ÜŸ,@laelasbuch,2024-07-26T13:44:52.000Z,"Beliau di Malaysia menetap, kena saman sama pemerintah singapura gara-gara kritik LGBT ga ada rem awkawkawkk. beliau lagi live ini",0,0,0
Blackroseight8,@blackroseight8,2024-07-26T13:40:50.000Z,Prasyarat kalau g y pedophilia LGBT transg,0,0,0
bjorka ..,@EdiAdriansyah4,2024-07-26T13:40:41.000Z,Mereka berempati dgn ke tidak Adilan yg di alami para LGBT .. tapi tertawa di atas pembunuhan anak2 di palestina ....,0,0,0
